Förderkennzeichen (0010),Schlagwort1,Schlagwort2,Schlagwort3,Schlagwort4,Schlagwort5,Schlagwort6,Schlagwort
03ET1466A,Planungstool,BIM,Bewerungssysteme,Umweltwirkung,,,
03ET1466B,Planungstool,BIM,Bewerungssysteme,Umweltwirkung,,,
03ET1466C,Planungstool,BIM,Bewerungssysteme,Umweltwirkung,,,
03ET1466D,Planungstool,BIM,Bewerungssysteme,Umweltwirkung,,,
03ET1342A,PCM,,,,,,
03ET1416A,Licht- und Solarmanagement,modellprädiktive Regelung,Visualisierungs- und Gebäudemanagementsoftware,Lernalgorithmus,Behaglichkeit,Umweltwirkung,Nutzerverhalten
03ET1416B,Licht- und Solarmanagement,modellprädiktive Regelung,Visualisierungs- und Gebäudemanagementsoftware,Lernalgorithmus,Behaglichkeit,Umweltwirkung,Nutzerverhalten
03ET1416C,Licht- und Solarmanagement,modellprädiktive Regelung,Visualisierungs- und Gebäudemanagementsoftware,Lernalgorithmus,Behaglichkeit,Umweltwirkung,Nutzerverhalten
03ET1416D,Licht- und Solarmanagement,modellprädiktive Regelung,Visualisierungs- und Gebäudemanagementsoftware,Lernalgorithmus,Behaglichkeit,Umweltwirkung,Nutzerverhalten
03ET1416E,Licht- und Solarmanagement,modellprädiktive Regelung,Visualisierungs- und Gebäudemanagementsoftware,Lernalgorithmus,Behaglichkeit,Umweltwirkung,Nutzerverhalten
03ET1416F,Licht- und Solarmanagement,modellprädiktive Regelung,Visualisierungs- und Gebäudemanagementsoftware,Lernalgorithmus,Behaglichkeit,Umweltwirkung,Nutzerverhalten
03ET1564A,,,,,,,
0325867B,,,,,,,
03EGB0006B,,,,,,,
03EGB0008A,,,,,,,
03EGB0008B,,,,,,,
03EGB0009A,,,,,,,
03EGB0009B,,,,,,,
03EGB0009C,,,,,,,
03EGB0009D,,,,,,,
03EGB0009E,,,,,,,
03EGB0009F,,,,,,,
03EGB0009G,,,,,,,
03ET1388A,,,,,,,
03ET1388B,,,,,,,
03ET1399A,Wärmedämmung,,,,,,
03ET1399B,Wärmedämmung,,,,,,
03ET1399C,Wärmedämmung,,,,,,
03ET1399D,Wärmedämmung,,,,,,
03ET1399E,Wärmedämmung,,,,,,
03ET1399F,Wärmedämmung,,,,,,
03ET1443A,PCM,,,,,,
03ET1449B,Fehlererkennung,neuronales Netz,Kälteanlagen,,,,
0325865A,Solarkollektoren,LCA,Solarthermie,,,,
0325865B,Solarkollektoren,LCA,Solarthermie,,,,
03ET1405A,integraler Planungsprozess,Mess- und Analysesystem für Gebäudehüllen,,,,,
03ET1410A,integrierte Stadtmodell,dynamische  Simulation,CityGML,Modelica,,,
03ET1410C,integrierte Stadtmodell,dynamische  Simulation,CityGML,Modelica,,,
03ET1561C,Kommuniationsstandards,5G,Datensuffizienz,,,,
03ET1343A,Fehlererkennung,Monitoring,Netzdienlichkeit,Datenschutzkonzept,Datensuffizienz,Umweltwirkungen,
03EGB0002A,,,,,,,
03EGB0002B,,,,,,,
03EGB0002C,,,,,,,
03EGB0004A,,,,,,,
03EGB0004B,,,,,,,
03EGB0004C,,,,,,,
03EGB0004D,,,,,,,
03EGB0004E,,,,,,,
03EGB0004G,,,,,,,
03EIV135E,Lastmanagement,Simulationsmdoelle,,,,,
03ET1432A,Licht,,,,,,
03ET1432B,Licht,,,,,,
03ET1432C,Licht,,,,,,
03ET1449C,Fehlererkennung,neuronales Netz,Kälteanlagen,,,,
03ET1476A,Kälteversorgung,thermischer Speicher,Wärmeübertragung,CFD Simulation,,,
03ET1476B,Kälteversorgung,thermischer Speicher,Wärmeübertragung,CFD Simulation,,,
03ET1509D,Messdatensatz,Validierung Gebäudesimulationsprogramme,Umweltwirkungen,Datensuffizienz,,,
03ET1509E,Messdatensatz,Validierung Gebäudesimulationsprogramme,Umweltwirkungen,Datensuffizienz,,,
03SBE0005A,Energiemanagement,Smart District Konzept,,,,,
03ET1421A,Klimatisierung,Geothermie,,,,,
03ET1423A,adaptive und prädiktive Steuer- und Regelalgorithmen,Gebäudesanierung,,,,,
03ET1423B,adaptive und prädiktive Steuer- und Regelalgorithmen,Gebäudesanierung,,,,,
03ET1441A,PCM,,,,,,
03ET1441B,PCM,,,,,,
03ET1441C,PCM,,,,,,
03ET1441D,PCM,,,,,,
03ET1472A,Geothermie,Betriebssicherheit,,,,,
03ET1472B,Geothermie,Betriebssicherheit,,,,,
03ET1500A,Lastprofile,optimierte Anlagenplanung,PV,elektrischer Speicher,,,
03ET1597A,Fernwärme,Machbarkeit,Urbane Wärmeversorgung,,,,
03ET1597B,Fernwärme,Machbarkeit,Urbane Wärmeversorgung,,,,
03ET1597C,Fernwärme,Machbarkeit,Urbane Wärmeversorgung,,,,
03ET1424A,Wärmdämmung,Werkstoff,LCA,,,,
03ET1424B,Wärmdämmung,Werkstoff,LCA,,,,
03ET1424C,Wärmdämmung,Werkstoff,LCA,,,,
03ET1424D,Wärmdämmung,Werkstoff,LCA,,,,
03ET1424E,Wärmdämmung,Werkstoff,LCA,,,,
03ET1447A,automatisierte Erstellung Gebäudesimulationsmodell,optimierte Regelparameter,,,,,
03ET1447B,automatisierte Erstellung Gebäudesimulationsmodell,optimierte Regelparameter,,,,,
03ET1470A,Licht,PV,Beschichtungsverfahren,,,,
03ET1470B,Licht,PV,Beschichtungsverfahren,,,,
03ET1470C,Licht,PV,Beschichtungsverfahren,,,,
03ET1470D,Licht,PV,Beschichtungsverfahren,,,,
03ET1470G,Licht,PV,Beschichtungsverfahren,,,,
03ET1470H,Licht,PV,Beschichtungsverfahren,,,,
03ET1494A,Absorptionskälteanlagen,,,,,,
03ET1494B,Absorptionskälteanlagen,,,,,,
0325870A,Solarthermie,Funktionskontrolle,Betriebssicherheit,Simulation,TRNSAS,,
0325870B,Solarthermie,Funktionskontrolle,Betriebssicherheit,Simulation,TRNSAS,,
03EGB0003A,,,,,,,
03EGB0005A,,,,,,,
03EGB0005B,,,,,,,
03EGB0005C,,,,,,,
03EGB0006A,,,,,,,
03EGB0006C,,,,,,,
03EIV135A,Lastmanagement,Simulationsmdoelle,,,,,
03EIV135B,Lastmanagement,Simulationsmdoelle,,,,,
03EIV135C,Lastmanagement,Simulationsmdoelle,,,,,
03EIV135D,Lastmanagement,Simulationsmdoelle,,,,,
03ET1156A,,,,,,,
03ET1156B,,,,,,,
03ET1299A,Betriebsoptimierung,Verbrauchs-Visualisierung,Energiemanagement,,,,
03ET1299B,Betriebsoptimierung,Verbrauchs-Visualisierung,Energiemanagement,,,,
03ET1299C,Betriebsoptimierung,Verbrauchs-Visualisierung,Energiemanagement,,,,
03ET1374A,Kälteanlagen,,,,,,
03ET1374B,Kälteanlagen,,,,,,
03ET1374C,Kälteanlagen,,,,,,
03ET1389A,internationale Begleitforschung,,,,,,
03ET1412A,,,,,,,
03ET1425A,intelligente Regelstrategie,Wärmenetze,Sektorkopplung,Speicher,,,
03ET1425B,intelligente Regelstrategie,Wärmenetze,Sektorkopplung,Speicher,,,
03ET1425C,intelligente Regelstrategie,Wärmenetze,Sektorkopplung,Speicher,,,
03ET1451A,Arbeitsmittel,Adsorption,Absorption,Kältemascheinen,Wärmepumpen,,
03ET1451B,Arbeitsmittel,Adsorption,Absorption,Kältemascheinen,Wärmepumpen,,
03ET1451C,Arbeitsmittel,Adsorption,Absorption,Kältemascheinen,Wärmepumpen,,
03ET1459A,3D urbane Energgiesystem Plattform,,,,,,
03ET1459B,3D urbane Energgiesystem Plattform,,,,,,
03ET1459C,3D urbane Energgiesystem Plattform,,,,,,
03ET1459E,3D urbane Energgiesystem Plattform,,,,,,
03ET1459F,3D urbane Energgiesystem Plattform,,,,,,
03ET1461A,Kälteanlagen,Energiemanagment,Pilotanlagen,,,,
03ET1464A,,,,,,,
03ET1464B,,,,,,,
03ET1464C,,,,,,,
03ET1475A,Netzdigitalisierung,Zukunftsmodell,,,,,
03ET1512A,Material,Wärmübertrager,,,,,
03ET1512B,Material,Wärmübertrager,,,,,
03ET1512C,Material,Wärmübertrager,,,,,
03ET1512D,Material,Wärmübertrager,,,,,
03ET1561A,Kommuniationsstandards,5G,Datensuffizienz,,,,
03ET1561B,Kommuniationsstandards,5G,Datensuffizienz,,,,
03ET1592A,Wärmenetz,BIM,Simulation,GIS,,,
03ET1592B,Wärmenetz,BIM,Simulation,GIS,,,
03ET1592C,Wärmenetz,BIM,Simulation,GIS,,,
03ET1619A,innovative MSR- und Automation,,,,,,
03ET1619B,innovative MSR- und Automation,,,,,,
03ET1619C,innovative MSR- und Automation,,,,,,
0325868A,Wärmeversorgung,autark,PV,Wärmepumpe,,,
0325868B,Wärmeversorgung,autark,PV,Wärmepumpe,,,
03EGB0001E,,,,,,,
03ET1431A,adaptives Heizungssystem,Betriebsoptimierung,,,,,
03ET1463A,PCM,,,,,,
03ET1463B,PCM,,,,,,
03ET1463C,PCM,,,,,,
03ET1522A,Gasnetz,Einbindung regenrativer Energien,Gas-Druckregelanlagen,,,,
03ET1522C,Gasnetz,Einbindung regenrativer Energien,Gas-Druckregelanlagen,,,,
03ET1636A,Fassadenbegrünung,Klimatisierung,,,,,
03ET1636B,Fassadenbegrünung,Klimatisierung,,,,,
03EGB0011A,,,,,,,
03EGB0011B,,,,,,,
03ET1444A,dezentrale und zentrale Betriebsstrategien,Planungshilfen,Wärmepumpen,Energiemanagement,,,
03ET1444B,dezentrale und zentrale Betriebsstrategien,Planungshilfen,Wärmepumpen,Energiemanagement,,,
03ET1444C,dezentrale und zentrale Betriebsstrategien,Planungshilfen,Wärmepumpen,Energiemanagement,,,
03ET1444D,dezentrale und zentrale Betriebsstrategien,Planungshilfen,Wärmepumpen,Energiemanagement,,,
03ET1449A,Fehlererkennung,neuronales Netz,Kälteanlagen,,,,
03ET1457B,Wärmenetze,Betriebssicherheit,,,,,
0325859,Solarthermie,Prozesswärme,Wärmerückgewinnung,,,,
03EGB0013A,,,,,,,
03EGB0013B,,,,,,,
03ET1315C,Primärenergie,Daten NWG,,,,,
03ET1417A,Quartiere,Sanierung,Gebäudesimulation,Denkmalschutz,Energiemanagement,,
03ET1417B,Quartiere,Sanierung,Gebäudesimulation,Denkmalschutz,Energiemanagement,,
03ET1417C,Quartiere,Sanierung,Gebäudesimulation,Denkmalschutz,Energiemanagement,,
03ET1417D,Quartiere,Sanierung,Gebäudesimulation,Denkmalschutz,Energiemanagement,,
03ET1465A,intelligente Regelstrategie,Monitoring,Wärmenetz,Quartiere,,,
03ET1465B,intelligente Regelstrategie,Monitoring,Wärmenetz,Quartiere,,,
03ET1465C,intelligente Regelstrategie,Monitoring,Wärmenetz,Quartiere,,,
03ET1526A,Dämmung,Schallschutz,Baustoffe,,,,
03ET1530D,Fassadensystem,Klimatisierung,Wärmepumpe,Kälteanlage,PV,solarthermie,PVT
03ET1549A,Kälteversorgung,Kältenetz,,,,,
03ET1549B,Kälteversorgung,Kältenetz,,,,,
03ET1549C,Kälteversorgung,Kältenetz,,,,,
03ET1549D,Kälteversorgung,Kältenetz,,,,,
03ET1568,Energieeffizienz,Regelungsstrategien,,,,,
03ET1593A,thermische Speicher,saisonale Speicher,Energiemanagement,Geothermie,,,
03ET1593B,thermische Speicher,saisonale Speicher,Energiemanagement,Geothermie,,,
03ET1593C,thermische Speicher,saisonale Speicher,Energiemanagement,Geothermie,,,
03ET1593D,thermische Speicher,saisonale Speicher,Energiemanagement,Geothermie,,,
03ET1593E,thermische Speicher,saisonale Speicher,Energiemanagement,Geothermie,,,
03ET1593F,thermische Speicher,saisonale Speicher,Energiemanagement,Geothermie,,,
03ET1598,intelligentes Wärmenetz,Sektorkopplung,,,,,
03ETS001A,Effizienz- und Funktionsüberwachung,Prädiktive Regelung,,,,,
03ETS001B,Effizienz- und Funktionsüberwachung,Prädiktive Regelung,,,,,
03ETS001D,Effizienz- und Funktionsüberwachung,Prädiktive Regelung,,,,,
03ET1362A,Speicher,Experimentell,,,,,
03ET1362B,Speicher,Experimentell,,,,,
03ET1362D,Speicher,Experimentell,,,,,
03ET1362E,Speicher,Experimentell,,,,,
03ET1401A,Sanierung,Wohngebäude,Wärmeversorgung,Fassade,Lüftung,Dämmung,
03ET1401B,Sanierung,Wohngebäude,Wärmeversorgung,Fassade,Lüftung,Dämmung,
03ET1401C,Sanierung,Wohngebäude,Wärmeversorgung,Fassade,Lüftung,Dämmung,
03ET1401D,Sanierung,Wohngebäude,Wärmeversorgung,Fassade,Lüftung,Dämmung,
03ET1454A,Lüftung,Energieeinsparung,Simulation,CFD,,,
03ET1562A,automatisierte Modellerstellung,BIM,dynamische Simulation,Gebäude,Quartiere,LCA,
03ET1562B,automatisierte Modellerstellung,BIM,dynamische Simulation,Gebäude,Quartiere,LCA,
03ET1573A,Mess- und Analysesystem,Datensuffizienz,Wärmeversorgung,,,,
03ET1573B,Mess- und Analysesystem,Datensuffizienz,Wärmeversorgung,,,,
03ET1573C,Mess- und Analysesystem,Datensuffizienz,Wärmeversorgung,,,,
03ET1573D,Mess- und Analysesystem,Datensuffizienz,Wärmeversorgung,,,,
03ETS005A,Wärmepakete,Intelligenter Betrieb Nahwärmenetz,Solarthermie,,,,
03ETS005B,Wärmepakete,Intelligenter Betrieb Nahwärmenetz,Solarthermie,,,,
03ETW003,Daten,Solathermie,Prozesswärme,,,,
03ET1580A,intelligente Wärmenetze,,,,,,
03ET1315A,Primärenergie,Daten NWG,,,,,
03ET1315B,Primärenergie,Daten NWG,,,,,
03ET1323A,Geschäftsmodell,,,,,,
03ET1413A,Multi-Energie Management und Aggregations-Plattform,Quartiere,BIM,Plattform,,,
03ET1413B,Multi-Energie Management und Aggregations-Plattform,Quartiere,BIM,Plattform,,,
03ET1413C,Multi-Energie Management und Aggregations-Plattform,Quartiere,BIM,Plattform,,,
03ET1413D,Multi-Energie Management und Aggregations-Plattform,Quartiere,BIM,Plattform,,,
03ET1413E,Multi-Energie Management und Aggregations-Plattform,Quartiere,BIM,Plattform,,,
03ET1413F,Multi-Energie Management und Aggregations-Plattform,Quartiere,BIM,Plattform,,,
03ET1560C,software-unabhängige Projektdatenumgebung,Datenmodell,,,,,
03ET1580B,intelligente Wärmenetze,,,,,,
03ET1580C,intelligente Wärmenetze,,,,,,
03ET1616A,Betriebsführung,Nutzerassitenzsysteme,,,,,
03ET1616B,Betriebsführung,Nutzerassitenzsysteme,,,,,
03ETS004,Energiemanagement,Sektorkopplung,soziologische Untersuchung,Monitoring,Mehrfamilienhaus,,
03SBE0001A,Wärmepumpen,Mehrfamilienhaus,,,,,
03SBE0001B,Wärmepumpen,Mehrfamilienhaus,,,,,
03SBE0001C,Wärmepumpen,Mehrfamilienhaus,,,,,
03EGB0012A,,,,,,,
03EGB0012B,,,,,,,
03EGB0012C,,,,,,,
03EGB0012D,,,,,,,
03ET1370A,Adsorption,Kühlung,Monitoring,,,,
03ET1371A,Fehlererkennung,Klimatisierung,,,,,
03ET1371D,Fehlererkennung,Klimatisierung,,,,,
03ET1371E,Fehlererkennung,Klimatisierung,,,,,
03ET1415A,Nutzereinbindung,Energiemanagment,Monitoring,,,,
03ET1415B,Nutzereinbindung,Energiemanagment,Monitoring,,,,
03ET1502A,Energiemanagement,,,,,,
03ET1502B,Energiemanagement,,,,,,
03ET1567A,selbstoptimierende Reglerarchitektur,Energiemanagement,,,,,
03ET1567B,selbstoptimierende Reglerarchitektur,Energiemanagement,,,,,
03ET1567C,selbstoptimierende Reglerarchitektur,Energiemanagement,,,,,
03ET1567D,selbstoptimierende Reglerarchitektur,Energiemanagement,,,,,
03ET1567E,selbstoptimierende Reglerarchitektur,Energiemanagement,,,,,
03ET1567F,selbstoptimierende Reglerarchitektur,Energiemanagement,,,,,
03SBE0002A,Analyse Gebäudedaten,Data Mining,Nutzerverhalten,,,,
03SBE0002B,Analyse Gebäudedaten,Data Mining,Nutzerverhalten,,,,
03SBE0002C,Analyse Gebäudedaten,Data Mining,Nutzerverhalten,,,,
03SBE0002D,Analyse Gebäudedaten,Data Mining,Nutzerverhalten,,,,
03SBE0005B,Energiemanagement,Smart District Konzept,,,,,
03SBE0008A,Dämmung,PV,,,,,
03SBE0008C,Dämmung,PV,,,,,
03SBE0008D,Dämmung,PV,,,,,
03SBE0008E,Dämmung,PV,,,,,
03SBE0008F,Dämmung,PV,,,,,
03SBE0008G,Dämmung,PV,,,,,
03EGB0007A,,,,,,,
03EGB0007B,,,,,,,
03EGB0007C,,,,,,,
03EGB0007D,,,,,,,
03EGB0015A,,,,,,,
03EGB0015B,,,,,,,
03ET1569,BIM,Datenanalyse- und Simulationsverfahren,Nutzerverhalten,LCA,digitaler Zwilling,,
03ET1570A,Planungstool,,,,,,
03ET1570B,Planungstool,,,,,,
03ET1570C,Planungstool,,,,,,
03ET1570D,Planungstool,,,,,,
03ET1570E,Planungstool,,,,,,
03ET1570G,Planungstool,,,,,,
03ET1595A,Reglerplattform,API,Sektorkopplung,,,,
03ET1595B,Reglerplattform,API,Sektorkopplung,,,,
03ET1595C,Reglerplattform,API,Sektorkopplung,,,,
03EN1004A,Simulation,Energiekonzept,Planungshilfen,,,,
03EN1004B,Simulation,Energiekonzept,Planungshilfen,,,,
03ET1537A,Material,,Wärmespeicher,,,,
03ET1537B,Material,,Wärmespeicher,,,,
03ET1537C,Material,,Wärmespeicher,,,,
03ET1537D,Material,,Wärmespeicher,,,,
03ET1537E,Material,,Wärmespeicher,,,,
03SBE0001D,Wärmepumpen,Mehrfamilienhaus,,,,,
03ET1498A,Wärmenetze,Kältenetze,Monitoring,Kalibrierung,,,
03ET1498B,Wärmenetze,Kältenetze,Monitoring,Kalibrierung,,,
03ET1498C,Wärmenetze,Kältenetze,Monitoring,Kalibrierung,,,
03ET1498D,Wärmenetze,Kältenetze,Monitoring,Kalibrierung,,,
03ET1498E,Wärmenetze,Kältenetze,Monitoring,Kalibrierung,,,
03ET1513A,Nutzerverhalten,Energieeffizienz,,,,,
03ET1513B,Nutzerverhalten,Energieeffizienz,,,,,
03ET1513D,Nutzerverhalten,Energieeffizienz,,,,,
03ET1513E,Nutzerverhalten,Energieeffizienz,,,,,
03ET1513F,Nutzerverhalten,Energieeffizienz,,,,,
03ET1565A,Dämmung,Material,Bauteil,Simulation,Experiment,,
03ET1565B,Dämmung,Material,Bauteil,Simulation,Experiment,,
03ET1565C,Dämmung,Material,Bauteil,Simulation,Experiment,,
03ET1565D,Dämmung,Material,Bauteil,Simulation,Experiment,,
03ET1565E,Dämmung,Material,Bauteil,Simulation,Experiment,,
03ET1565F,Dämmung,Material,Bauteil,Simulation,Experiment,,
03ET1565G,Dämmung,Material,Bauteil,Simulation,Experiment,,
03ET1565H,Dämmung,Material,Bauteil,Simulation,Experiment,,
03ET1565I,Dämmung,Material,Bauteil,Simulation,Experiment,,
03ET1566A,Beleuchtung,Energieeffizienz,Simulation,,,,
03ET1566B,Beleuchtung,Energieeffizienz,Simulation,,,,
03ET1584A,PCM,Stoffeigenschaften,Alterung,,,,
03ET1584B,PCM,Stoffeigenschaften,Alterung,,,,
03ET1591A,flexibilisierter Anlagenbetrieb,,,,,,
03ET1591B,flexibilisierter Anlagenbetrieb,,,,,,
03ET1600A,optimierte Steuerung,,,,,,
03ET1600B,optimierte Steuerung,,,,,,
03ET1604,Reinräume,,,,,,
03ET1605,Wärmepumpen,Wärmeübertrager,Energiemanagement,,,,
03ET1610,Doppelfassade,Dämmung,Planungshilfen,,,,
03ET1613A,optimierte Regelung,gebäudeübergreifende Cloud,standardisierte Kommunikations-Schnittstellen,,,,
03ET1613B,optimierte Regelung,gebäudeübergreifende Cloud,standardisierte Kommunikations-Schnittstellen,,,,
03ET1613C,optimierte Regelung,gebäudeübergreifende Cloud,standardisierte Kommunikations-Schnittstellen,,,,
03ET1613D,optimierte Regelung,gebäudeübergreifende Cloud,standardisierte Kommunikations-Schnittstellen,,,,
03ET1485A,Gebäudetechnik,Gebäudesteuerung,,,,,
03ET1602A,Monitoring,Sanierung,,,,,
03ET1602B,Monitoring,Sanierung,,,,,
03ET1615,Material,thermische Speicher,,,,,
03ET1625A,Wärmenetze,Alterung,Datenanalyse,,,,
03ET1625B,Wärmenetze,Alterung,Datenanalyse,,,,
03ET1625C,Wärmenetze,Alterung,Datenanalyse,,,,
03ETW005A,Solarthermie,Stagnation,Simulation,Kostenschätzung,,,
03ETW005C,Solarthermie,Stagnation,Simulation,Kostenschätzung,,,
03SBE0003A,BIM,Fassaden,PV,,,,
03SBE0003B,BIM,Fassaden,PV,,,,
03SBE0003C,BIM,Fassaden,PV,,,,
03SBE0003E,BIM,Fassaden,PV,,,,
03EGB0014A,,,,,,,
03EGB0014B,,,,,,,
03EN1006A,Dämmung,Material,,,,,
03EN1006B,Dämmung,Material,,,,,
03EN1006C,Dämmung,Material,,,,,
03EN1006D,Dämmung,Material,,,,,
03EN1006E,Dämmung,Material,,,,,
03ET1457A,Wärmenetze,Betriebssicherheit,,,,,
03ET1457C,Wärmenetze,Betriebssicherheit,,,,,
03ET1457D,Wärmenetze,Betriebssicherheit,,,,,
03ET1457E,Wärmenetze,Betriebssicherheit,,,,,
03ET1457F,Wärmenetze,Betriebssicherheit,,,,,
03ET1457G,Wärmenetze,Betriebssicherheit,,,,,
03ET1560A,software-unabhängige Projektdatenumgebung,Datenmodell,,,,,
03ET1560B,software-unabhängige Projektdatenumgebung,Datenmodell,,,,,
03ET1611A,BIM,Planungstool,,,,,
03ET1611B,BIM,Planungstool,,,,,
03ET1611C,BIM,Planungstool,,,,,
03ET1612A,thermische Speicher,Sektorkopplung,,,,,
03ET1612B,thermische Speicher,Sektorkopplung,,,,,
03ET1612C,thermische Speicher,Sektorkopplung,,,,,
03ET1612D,thermische Speicher,Sektorkopplung,,,,,
03ET1612E,thermische Speicher,Sektorkopplung,,,,,
03ET1612F,thermische Speicher,Sektorkopplung,,,,,
03ET1618A,Planungstool,Quartier,,,,,
03ET1618B,Planungstool,Quartier,,,,,
03ET1618C,Planungstool,Quartier,,,,,
03ET1618D,Planungstool,Quartier,,,,,
03ET1618E,Planungstool,Quartier,,,,,
03ET1618F,Planungstool,Quartier,,,,,
03ET1618G,Planungstool,Quartier,,,,,
03ET1624A,Data Mining,Schadenserkennung,Wärmenetze,,,,
03ET1624B,Data Mining,Schadenserkennung,Wärmenetze,,,,
03ET1624C,Data Mining,Schadenserkennung,Wärmenetze,,,,
03ET1624D,Data Mining,Schadenserkennung,Wärmenetze,,,,
03ETW004A,Planungstool,Geothermie,Wärme,Kälte,,,
03ETW004B,Planungstool,Geothermie,Wärme,Kälte,,,
03ETW004C,Planungstool,Geothermie,Wärme,Kälte,,,
0325869A,Quartiere,Wärmenetze,,,,,
0325869B,Quartiere,Wärmenetze,,,,,
03EGB0018A,,,,,,,
03EGB0018B,,,,,,,
03EGB0018C,,,,,,,
03EGB0018D,,,,,,,
03EGB0018E,,,,,,,
03EGB0018F,,,,,,,
03EGB0018G,,,,,,,
03ET1328A,Datenbank,Datenaufbereitung,,,,,
03ET1458A,intelligentes Wärmenetz,Sektorkopplung,Monitoring,,,,
03ET1458B,intelligentes Wärmenetz,Sektorkopplung,Monitoring,,,,
03ET1458C,intelligentes Wärmenetz,Sektorkopplung,Monitoring,,,,
03ET1522B,Gasnetz,Einbindung regenrativer Energien,Gas-Druckregelanlagen,,,,
03ET1530A,Fassadensystem,Klimatisierung,Wärmepumpe,Kälteanlage,PV,solarthermie,PVT
03ET1530B,Fassadensystem,Klimatisierung,Wärmepumpe,Kälteanlage,PV,solarthermie,PVT
03ET1530C,Fassadensystem,Klimatisierung,Wärmepumpe,Kälteanlage,PV,solarthermie,PVT
03ET1538A,intelligentes Wärmenetz,Datenaufnahme/Datenerfassung,Datensuffizienz,Monitoring,Schnittstellen,,
03ET1538B,intelligentes Wärmenetz,Datenaufnahme/Datenerfassung,Datensuffizienz,Monitoring,Schnittstellen,,
03ET1545A,vorausschauende Steuerung,Geschäftsmodelle,Energiemanagement,,,,
03ET1545B,vorausschauende Steuerung,Geschäftsmodelle,Energiemanagement,,,,
03ET1545C,vorausschauende Steuerung,Geschäftsmodelle,Energiemanagement,,,,
03ET1545D,vorausschauende Steuerung,Geschäftsmodelle,Energiemanagement,,,,
03ET1551A,digitalisierte Sektorkopplung,IKT Plattform,Nutzerdaten,Simulation,Energiemanagement,,
03ET1563A,Sanierung,,,,,,
03ET1563B,Sanierung,,,,,,
03ET1563C,Sanierung,,,,,,
03ET1563D,Sanierung,,,,,,
03ET1585A,Energiemanagement,RFID Chips,Wetterprognose,Nutzerdaten,Umweltwirkung,,
03ET1585B,Energiemanagement,RFID Chips,Wetterprognose,Nutzerdaten,Umweltwirkung,,
03ET1585C,Energiemanagement,RFID Chips,Wetterprognose,Nutzerdaten,Umweltwirkung,,
03ET1603A,BIM,Schnittstellen,Planungstool,,,,
03ET1603B,BIM,Schnittstellen,Planungstool,,,,
03ET1603C,BIM,Schnittstellen,Planungstool,,,,
03ET1603D,BIM,Schnittstellen,Planungstool,,,,
03ET1603E,BIM,Schnittstellen,Planungstool,,,,
03ET1623A,Material,Dämmung,Gesundheit,,,,
03ET1623B,Material,Dämmung,Gesundheit,,,,
03ET1623C,Material,Dämmung,Gesundheit,,,,
03ET1635A,3D Stadtmodell,CrowsSourcing Tool,Geschäftsmodelle,Umweltwirkungen,Speicher,Smartgrid,Wärmenetz
03ET1635B,3D Stadtmodell,CrowsSourcing Tool,Geschäftsmodelle,Umweltwirkungen,Speicher,Smartgrid,Wärmenetz
03ET1635C,3D Stadtmodell,CrowsSourcing Tool,Geschäftsmodelle,Umweltwirkungen,Speicher,Smartgrid,Wärmenetz
03ET1647A,Heizkreis,Wärmeträgermedium,Fehlererkennung,Algorithmen,,,
03ET1647B,Heizkreis,Wärmeträgermedium,Fehlererkennung,Algorithmen,,,
03ET1647C,Heizkreis,Wärmeträgermedium,Fehlererkennung,Algorithmen,,,
03ET1647D,Heizkreis,Wärmeträgermedium,Fehlererkennung,Algorithmen,,,
03ET1657A,IoT,Gebäudeautomation,Cloud,Schnittstellen,,,
03ET1657B,IoT,Gebäudeautomation,Cloud,Schnittstellen,,,
03ET1657C,IoT,Gebäudeautomation,Cloud,Schnittstellen,,,
03ETW008,Funktionssoftware in SPS-Technik,Reglerentwicklung,Solarthermie,Schnittstellen,,,
03ETW009A,Modellierung,Energiemanagment,Optimierung,,,,
03ETW009B,Modellierung,Energiemanagment,Optimierung,,,,
03ETW011A,PVT,Wärmeübergang,,,,,
03ETW011B,PVT,Wärmeübergang,,,,,
03ETW011C,PVT,Wärmeübergang,,,,,
03ETW012A,Softwaregestützte Betriebsanalyse und -optimierung,Kälteanlagen,Modelle,Schnittstellen,,,
03ETW012B,Softwaregestützte Betriebsanalyse und -optimierung,Kälteanlagen,Modelle,Schnittstellen,,,
03ETW012C,Softwaregestützte Betriebsanalyse und -optimierung,Kälteanlagen,Modelle,Schnittstellen,,,
03ETW012D,Softwaregestützte Betriebsanalyse und -optimierung,Kälteanlagen,Modelle,Schnittstellen,,,
03SBE0007A,"multifunktionale Planungs-, Optimierungs- und Steuerungstool",Planung,Nutzerdaten,Dämmung,Simulation,Anlagensteuerung,LCA
03SBE0007B,"multifunktionale Planungs-, Optimierungs- und Steuerungstool",Planung,Nutzerdaten,Dämmung,Simulation,Anlagensteuerung,LCA
03SBE0007C,"multifunktionale Planungs-, Optimierungs- und Steuerungstool",Planung,Nutzerdaten,Dämmung,Simulation,Anlagensteuerung,LCA
03SBE0007E,"multifunktionale Planungs-, Optimierungs- und Steuerungstool",Planung,Nutzerdaten,Dämmung,Simulation,Anlagensteuerung,LCA
03EGB0001A,,,,,,,
03EGB0001B,,,,,,,
03EGB0001C,,,,,,,
03EGB0001D,,,,,,,
03EGB0001F,,,,,,,
03EGB0001G,,,,,,,
03ET1479A,Auslegungs-/Planungstool,Nutzerdaten,Monitoring,,,,
03ET1479B,Auslegungs-/Planungstool,Nutzerdaten,Monitoring,,,,
03ET1550A,LCA,Nachhaltiges Bauen,,,,,
03ET1583,Kälteanlagen,Energiemanagement,Monitoring,Sektorkopplung,,,
03ET1649A,Sanierung,Bewertung,,,,,
03ET1649B,Sanierung,Bewertung,,,,,
0325862,intelligentes Wärmenetz,thermische Speicher,,,,,
03EGB0017A,,,,,,,
03EGB0017B,,,,,,,
03EGB0017C,,,,,,,
03ET1446A,Betriebsoptimierung,Netze,Monitoring,,,,
03ET1634A,Eisspeicher,thermisches Netz,Planung und Auslegung,Vereisung,,,
03ET1634B,Eisspeicher,thermisches Netz,Planung und Auslegung,Vereisung,,,
03ET1634C,Eisspeicher,thermisches Netz,Planung und Auslegung,Vereisung,,,
03ET1634D,Eisspeicher,thermisches Netz,Planung und Auslegung,Vereisung,,,
03ET1634E,Eisspeicher,thermisches Netz,Planung und Auslegung,Vereisung,,,
03ETW010,Temperaturmessung,energetische Bilanzierung,,,,,
03ETW015A,Solarthermie,,,,,,
03ETW015B,Solarthermie,,,,,,
03ETW015C,Solarthermie,,,,,,
03ET1334B,Kühlung,Monitoring,,,,,
03ET1629A,Cloud Systeme,Energieverbrauchsverhalten,Datensuffizienz,Sektorkopplung,,,
03ET1629B,Cloud Systeme,Energieverbrauchsverhalten,Datensuffizienz,Sektorkopplung,,,
03ET1629C,Cloud Systeme,Energieverbrauchsverhalten,Datensuffizienz,Sektorkopplung,,,
03ET1629D,Cloud Systeme,Energieverbrauchsverhalten,Datensuffizienz,Sektorkopplung,,,
03ET1648A,Betriebsdiagnose,Datensuffizienz,Nutzerintegration,Sektorkopplung,,,
03ET1648B,Betriebsdiagnose,Datensuffizienz,Nutzerintegration,Sektorkopplung,,,
03ET1660A,cyberphysische Systeme,Sensorknoten,Modellierung/Simulation,Visualisierung,innovative Dienstleistungen,Schnittstellen,Lüftung
03ET1660B,cyberphysische Systeme,Sensorknoten,Modellierung/Simulation,Visualisierung,innovative Dienstleistungen,Schnittstellen,Lüftung
03ET1660C,cyberphysische Systeme,Sensorknoten,Modellierung/Simulation,Visualisierung,innovative Dienstleistungen,Schnittstellen,Lüftung
03ET1660D,cyberphysische Systeme,Sensorknoten,Modellierung/Simulation,Visualisierung,innovative Dienstleistungen,Schnittstellen,Lüftung
03ET1660E,cyberphysische Systeme,Sensorknoten,Modellierung/Simulation,Visualisierung,innovative Dienstleistungen,Schnittstellen,Lüftung
03ET1660F,cyberphysische Systeme,Sensorknoten,Modellierung/Simulation,Visualisierung,innovative Dienstleistungen,Schnittstellen,Lüftung
03ET1660G,cyberphysische Systeme,Sensorknoten,Modellierung/Simulation,Visualisierung,innovative Dienstleistungen,Schnittstellen,Lüftung
03ET1660H,cyberphysische Systeme,Sensorknoten,Modellierung/Simulation,Visualisierung,innovative Dienstleistungen,Schnittstellen,Lüftung
03EN3001,Wärmenetze,,,,,,
03ET1495A,Regelungskonzepte,agentenbasierte Regelung,,,,,
03ET1495B,Regelungskonzepte,agentenbasierte Regelung,,,,,
03ET1495C,Regelungskonzepte,agentenbasierte Regelung,,,,,
03ET1529A,Energiemanagement,Prädiktive Regelung,Sektorkopplung,,,,
03ET1529B,Energiemanagement,Prädiktive Regelung,Sektorkopplung,,,,
03ET1529D,Energiemanagement,Prädiktive Regelung,Sektorkopplung,,,,
03ET1552A,Monitoring,Wärme,Kälte,Geothermie,,,
03ET1552B,Monitoring,Wärme,Kälte,Geothermie,,,
03ET1633A,intelligentes Wärmenetz,zustandsorientierte Netzführung,Sektorkopplung,Simulation,,,
03ET1633C,intelligentes Wärmenetz,zustandsorientierte Netzführung,Sektorkopplung,Simulation,,,
03ET1633D,intelligentes Wärmenetz,zustandsorientierte Netzführung,Sektorkopplung,Simulation,,,
03ET1658A,Lüftung,Energieeffizienz,,,,,
03ET1658B,Lüftung,Energieeffizienz,,,,,
03ETW006A,Regelungskonzepte,MPC,,,,,
03ETW006B,Regelungskonzepte,MPC,,,,,
03ETW006C,Regelungskonzepte,MPC,,,,,
03EN3002A,Planungstool,Sektorenkopplung,,,,,
03EN3002B,Planungstool,Sektorenkopplung,,,,,
03ET1501A,Wärmenetze,Sanierung,,,,,
03ET1501B,Wärmenetze,Sanierung,,,,,
03ET1641A,Betriebsoptimierung,Monitoring,,,,,
03ET1641B,Betriebsoptimierung,Monitoring,,,,,
03ETW001A,,,,,,,
03ETW001B,,,,,,,
03ETW001C,,,,,,,
03ETW001D,,,,,,,
03ETW007A,Solarthermie,Lichtabsorption,,,,,
03ETW007B,Solarthermie,Lichtabsorption,,,,,
03ETW007C,Solarthermie,Lichtabsorption,,,,,
03ETW007E,Solarthermie,Lichtabsorption,,,,,
03EGB0019,,,,,,,
03EN1001A,,,,,,,
03EN1001B,,,,,,,
03EN1001C,,,,,,,
03EN3004A,Wärmenetze,Solarthermie,,,,,
03EN3004B,Wärmenetze,Solarthermie,,,,,
03ET1620A,Planungstool,Datenerhebung,Datenschutz,,,,
03ET1620B,Planungstool,Datenerhebung,Datenschutz,,,,
03ET1665A,Dämmung,,,,,,
03ET1665B,Dämmung,,,,,,
03ET1665C,Dämmung,,,,,,
03ET1665D,Dämmung,,,,,,
03ET1665E,Dämmung,,,,,,
03ET1665F,Dämmung,,,,,,
03ET1668A,intelligentes Wärmenetz,Betriebsoptimierung,maschinelles Lernen,Monitoring,,,
03ET1668B,intelligentes Wärmenetz,Betriebsoptimierung,maschinelles Lernen,Monitoring,,,
03SBE0001E,Wärmepumpen,Mehrfamilienhaus,,,,,
03ET1673C,intelligentes Wärmenetz,Data Science,Geschäftsmodelle,,,,
03ET1673A,intelligentes Wärmenetz,Data Science,Geschäftsmodelle,,,,
03ET1673B,intelligentes Wärmenetz,Data Science,Geschäftsmodelle,,,,
03EGB0016A,,,,,,,
03EGB0016B,,,,,,,
03EGB0016C,,,,,,,
03EN1007A,Regelungskonzepte,MPC,Lastprädiktion,Umweltwirkungen,smart markets,innovative DL,
03EN1007B,Regelungskonzepte,MPC,Lastprädiktion,Umweltwirkungen,smart markets,innovative DL,
03EN1007C,Regelungskonzepte,MPC,Lastprädiktion,Umweltwirkungen,smart markets,innovative DL,
03EN1007D,Regelungskonzepte,MPC,Lastprädiktion,Umweltwirkungen,smart markets,innovative DL,
03ET1509A,Messdatensatz,Validierung Gebäudesimulationsprogramme,Umweltwirkungen,Datensuffizienz,,,
03ET1509B,Messdatensatz,Validierung Gebäudesimulationsprogramme,Umweltwirkungen,Datensuffizienz,,,
03ET1509C,Messdatensatz,Validierung Gebäudesimulationsprogramme,Umweltwirkungen,Datensuffizienz,,,
03ET1596A,PCM,Materialien,,,,,
03ET1596B,PCM,Materialien,,,,,
03ET1667A,thermische Speicher,,,,,,
03ET1667B,thermische Speicher,,,,,,
03ETS002A,thermische Speicher,Wärmenetz,Solarthermie,,,,
03ETS002B,thermische Speicher,Wärmenetz,Solarthermie,,,,
03SBE112A,Planungstool,Virtual Reality,Partizipation,Geschäftsmodelle,innovative Dienstleistungen,,
03SBE112B,Planungstool,Virtual Reality,Partizipation,Geschäftsmodelle,innovative Dienstleistungen,,
03SBE112D,Planungstool,Virtual Reality,Partizipation,Geschäftsmodelle,innovative Dienstleistungen,,
03SBE112E,Planungstool,Virtual Reality,Partizipation,Geschäftsmodelle,innovative Dienstleistungen,,
03SBE112F,Planungstool,Virtual Reality,Partizipation,Geschäftsmodelle,innovative Dienstleistungen,,
03EN3005A,intelligentes Wärmenetz,Sanierung,,,,,
03EN3005B,intelligentes Wärmenetz,Sanierung,,,,,
03EN3006A,Datenhaltung,Datenschutz,Quartiersplanung,Datensuffizienz,Sektorkopplung,Schnittstellen,
03EN3006B,Datenhaltung,Datenschutz,Quartiersplanung,Datensuffizienz,Sektorkopplung,Schnittstellen,
03EN3006C,Datenhaltung,Datenschutz,Quartiersplanung,Datensuffizienz,Sektorkopplung,Schnittstellen,
03EN3006D,Datenhaltung,Datenschutz,Quartiersplanung,Datensuffizienz,Sektorkopplung,Schnittstellen,
03EN3006E,Datenhaltung,Datenschutz,Quartiersplanung,Datensuffizienz,Sektorkopplung,Schnittstellen,
03EN3006F,Datenhaltung,Datenschutz,Quartiersplanung,Datensuffizienz,Sektorkopplung,Schnittstellen,
03EN3006G,Datenhaltung,Datenschutz,Quartiersplanung,Datensuffizienz,Sektorkopplung,Schnittstellen,
03ET1617A,Trinkwasser,,,,,,
03ET1617B,Trinkwasser,,,,,,
03ET1617C,Trinkwasser,,,,,,
03ET1617D,Trinkwasser,,,,,,
03ET1617E,Trinkwasser,,,,,,
03SBE0004A,Betriebsoptimierung,Nutzerverhalten,Messdaten,,,,
03SBE0004B,Betriebsoptimierung,Nutzerverhalten,Messdaten,,,,
03SBE0004C,Betriebsoptimierung,Nutzerverhalten,Messdaten,,,,
03SBE113I,intelligente Steuerung,Flexibilität,innovative Dienstleistungen,Sektorkopplung,,,
03SBE113J,intelligente Steuerung,Flexibilität,innovative Dienstleistungen,Sektorkopplung,,,
03SBE113L,intelligente Steuerung,Flexibilität,innovative Dienstleistungen,Sektorkopplung,,,
03SBE113N,intelligente Steuerung,Flexibilität,innovative Dienstleistungen,Sektorkopplung,,,
03SBE113O,intelligente Steuerung,Flexibilität,innovative Dienstleistungen,Sektorkopplung,,,
03SBE113S,intelligente Steuerung,Flexibilität,innovative Dienstleistungen,Sektorkopplung,,,
03SBE113U,intelligente Steuerung,Flexibilität,innovative Dienstleistungen,Sektorkopplung,,,
03SBE114C,Planungstool,Sektorkopplung,Speicher,,,,
03SBE114G,Planungstool,Sektorkopplung,Speicher,,,,
03SBE114H,Planungstool,Sektorkopplung,Speicher,,,,
03SBE114K,Planungstool,Sektorkopplung,Speicher,,,,
03SBE114M,Planungstool,Sektorkopplung,Speicher,,,,
03SBE115A,Netzdienlichkeit,sozialwissenschaftliches Monitoring,Geschäftsmodelle,nicht-technische Hemmnisse,Sektorkopplung,,
03SBE115D,Netzdienlichkeit,sozialwissenschaftliches Monitoring,Geschäftsmodelle,nicht-technische Hemmnisse,Sektorkopplung,,
03SBE115E,Netzdienlichkeit,sozialwissenschaftliches Monitoring,Geschäftsmodelle,nicht-technische Hemmnisse,Sektorkopplung,,
03SBE115F,Netzdienlichkeit,sozialwissenschaftliches Monitoring,Geschäftsmodelle,nicht-technische Hemmnisse,Sektorkopplung,,
03EGB0023A,,,,,,,
03EGB0023B,,,,,,,
03EGB0023C,,,,,,,
03EN1008A,Material,Gebäudehülle,,,,,
03EN1008B,Material,Gebäudehülle,,,,,
03EN1008C,Material,Gebäudehülle,,,,,
03EN1015A,Energiemanagement,Flexibilität,Sektorkopplung,,,,
03EN1015B,Energiemanagement,Flexibilität,Sektorkopplung,,,,
03EN1015C,Energiemanagement,Flexibilität,Sektorkopplung,,,,
03EN1015D,Energiemanagement,Flexibilität,Sektorkopplung,,,,
03EN1015E,Energiemanagement,Flexibilität,Sektorkopplung,,,,
03EN1015F,Energiemanagement,Flexibilität,Sektorkopplung,,,,
03EN3009A,digitale Vernetzung Quartier,Sektorenkopplung,innovative Dienstleistungen,Geschäftsmodelle,nutzerbezogene Hemmnisse,,
03EN3009B,digitale Vernetzung Quartier,Sektorenkopplung,innovative Dienstleistungen,Geschäftsmodelle,nutzerbezogene Hemmnisse,,
03EN3009C,digitale Vernetzung Quartier,Sektorenkopplung,innovative Dienstleistungen,Geschäftsmodelle,nutzerbezogene Hemmnisse,,
03EN3009D,digitale Vernetzung Quartier,Sektorenkopplung,innovative Dienstleistungen,Geschäftsmodelle,nutzerbezogene Hemmnisse,,
03EN3009E,digitale Vernetzung Quartier,Sektorenkopplung,innovative Dienstleistungen,Geschäftsmodelle,nutzerbezogene Hemmnisse,,
03EN3009F,digitale Vernetzung Quartier,Sektorenkopplung,innovative Dienstleistungen,Geschäftsmodelle,nutzerbezogene Hemmnisse,,
03EN3010A,Planungstool,,,,,,
03EN3010B,Planungstool,,,,,,
03ET1606A,Lüftung,Betriebsoptimierung,,,,,
03ET1606B,Lüftung,Betriebsoptimierung,,,,,
03ET1606C,Lüftung,Betriebsoptimierung,,,,,
03ET1606D,Lüftung,Betriebsoptimierung,,,,,
03ET1607A,Energiemanagement,Flexibilität,digitale Vernetzung Quartier,innovative Dienstleistungen,Sektorkopplung,,
03ET1607B,Energiemanagement,Flexibilität,digitale Vernetzung Quartier,innovative Dienstleistungen,Sektorkopplung,,
03ET1607C,Energiemanagement,Flexibilität,digitale Vernetzung Quartier,innovative Dienstleistungen,Sektorkopplung,,
03ET1607D,Energiemanagement,Flexibilität,digitale Vernetzung Quartier,innovative Dienstleistungen,Sektorkopplung,,
03ET1607E,Energiemanagement,Flexibilität,digitale Vernetzung Quartier,innovative Dienstleistungen,Sektorkopplung,,
03ET1621A,Energiemanagement,Tools,,,,,
03ET1621B,Energiemanagement,Tools,,,,,
03ET1621C,Energiemanagement,Tools,,,,,
03ET1621D,Energiemanagement,Tools,,,,,
03ET1621E,Energiemanagement,Tools,,,,,
03ETW014A,Lastprofile,Simulation,Wärme,Industrie,,,
03ETW014B,Lastprofile,Simulation,Wärme,Industrie,,,
03ETW014C,Lastprofile,Simulation,Wärme,Industrie,,,
03ETW014D,Lastprofile,Simulation,Wärme,Industrie,,,
03SBE0006A,Fehlererkennung,Cloud,maschinelles Lernen,Datensuffizienz,Monitoring,,
03SBE0006B,Fehlererkennung,Cloud,maschinelles Lernen,Datensuffizienz,Monitoring,,
03SBE114I,Planungstool,Sektorkopplung,Speicher,,,,
03SBE115I,Netzdienlichkeit,sozialwissenschaftliches Monitoring,Geschäftsmodelle,nicht-technische Hemmnisse,Sektorkopplung,,
03EGB0010A,,,,,,,
03EGB0021A,,,,,,,
03EGB0021B,,,,,,,
03EGB0021C,,,,,,,
03EGB0021D,,,,,,,
03EGB0021E,,,,,,,
03EGB0021F,,,,,,,
03EGB0021G,,,,,,,
03EGB0021H,,,,,,,
03EN1002A,Nutzerinformationssystem,Datensuffizienz,Betriebsoptimierung,Nutzerakzeptanz,,,
03EN1002B,Nutzerinformationssystem,Datensuffizienz,Betriebsoptimierung,Nutzerakzeptanz,,,
03EN1002C,Nutzerinformationssystem,Datensuffizienz,Betriebsoptimierung,Nutzerakzeptanz,,,
03EN1002D,Nutzerinformationssystem,Datensuffizienz,Betriebsoptimierung,Nutzerakzeptanz,,,
03EN1002E,Nutzerinformationssystem,Datensuffizienz,Betriebsoptimierung,Nutzerakzeptanz,,,
03EN1014A,Fehlererkennung,Webservice,Datensuffizienz,Umweltwirkungen,,,
03EN1014B,Fehlererkennung,Webservice,Datensuffizienz,Umweltwirkungen,,,
03EN1014C,Fehlererkennung,Webservice,Datensuffizienz,Umweltwirkungen,,,
03EN3007A,Wärme,Sektorkopplung,Wärmenetze,,,,
03EN3007B,Wärme,Sektorkopplung,Wärmenetze,,,,
03EN3007C,Wärme,Sektorkopplung,Wärmenetze,,,,
03EN3007D,Wärme,Sektorkopplung,Wärmenetze,,,,
03EN3007E,Wärme,Sektorkopplung,Wärmenetze,,,,
03EN3007F,Wärme,Sektorkopplung,Wärmenetze,,,,
03EN3012A,intelligente Wärmenetze,Zustandsschätzung,Smart markets,Geschäftsmodelle,Sektorkopplung,,
03EN3012B,intelligente Wärmenetze,Zustandsschätzung,Smart markets,Geschäftsmodelle,Sektorkopplung,,
03EN3012C,intelligente Wärmenetze,Zustandsschätzung,Smart markets,Geschäftsmodelle,Sektorkopplung,,
03EN3013A,Nutzerakzeptanz,nicht-technische Erfolgsfaktoren,nutzerbezogene Hemmnisse,,,,
03EN3013B,Nutzerakzeptanz,nicht-technische Erfolgsfaktoren,nutzerbezogene Hemmnisse,,,,
03EN3014A,Planungstool,Geschäftsmodelle,innovative Dienstleistungen,,,,
03EN3014B,Planungstool,Geschäftsmodelle,innovative Dienstleistungen,,,,
03ET1446B,Betriebsoptimierung,Netze,Monitoring,,,,
03ET1638,Digitaler Zwilling,Netze,Sektorkopplung,,,,
03ETW016A,Datenhaltung,Betriebsoptimierung,Sektorkopplung,Kältenetz,,,
03ETW016B,Datenhaltung,Betriebsoptimierung,Sektorkopplung,Kältenetz,,,
03ETW016C,Datenhaltung,Betriebsoptimierung,Sektorkopplung,Kältenetz,,,
03ETW016D,Datenhaltung,Betriebsoptimierung,Sektorkopplung,Kältenetz,,,
03ETW016E,Datenhaltung,Betriebsoptimierung,Sektorkopplung,Kältenetz,,,
03ETW020,Kühlung,,,,,,
03SBE111B,Service-Plattform,BIM,Energiemanagement,Geschäftsmodelle,nicht-technische Erfolgsfaktoren,,
03SBE111G,Service-Plattform,BIM,Energiemanagement,Geschäftsmodelle,nicht-technische Erfolgsfaktoren,,
03SBE111I,Service-Plattform,BIM,Energiemanagement,Geschäftsmodelle,nicht-technische Erfolgsfaktoren,,
03SBE111K,Service-Plattform,BIM,Energiemanagement,Geschäftsmodelle,nicht-technische Erfolgsfaktoren,,
03SBE111N,Service-Plattform,BIM,Energiemanagement,Geschäftsmodelle,nicht-technische Erfolgsfaktoren,,
03SBE111R,Service-Plattform,BIM,Energiemanagement,Geschäftsmodelle,nicht-technische Erfolgsfaktoren,,
03SBE111U,Service-Plattform,BIM,Energiemanagement,Geschäftsmodelle,nicht-technische Erfolgsfaktoren,,
03SBE111V,Service-Plattform,BIM,Energiemanagement,Geschäftsmodelle,nicht-technische Erfolgsfaktoren,,
03SBE114L,Planungstool,Sektorkopplung,Speicher,,,,
03EGB0022,,,,,,,
03EN1013A,Verschattung,,,,,,
03EN1013B,Verschattung,,,,,,
03EN3008A,digitalisierte Sektorkopplung,soziale Aspekte,Geschäftsmodelle,innovative Dienstleistungen,Datenanalyse,,
03EN3008B,digitalisierte Sektorkopplung,soziale Aspekte,Geschäftsmodelle,innovative Dienstleistungen,Datenanalyse,,
03EN3008C,digitalisierte Sektorkopplung,soziale Aspekte,Geschäftsmodelle,innovative Dienstleistungen,Datenanalyse,,
03EN3008D,digitalisierte Sektorkopplung,soziale Aspekte,Geschäftsmodelle,innovative Dienstleistungen,Datenanalyse,,
03EN3008E,digitalisierte Sektorkopplung,soziale Aspekte,Geschäftsmodelle,innovative Dienstleistungen,Datenanalyse,,
03EN3008F,digitalisierte Sektorkopplung,soziale Aspekte,Geschäftsmodelle,innovative Dienstleistungen,Datenanalyse,,
03EN3008G,digitalisierte Sektorkopplung,soziale Aspekte,Geschäftsmodelle,innovative Dienstleistungen,Datenanalyse,,
03EN3008H,digitalisierte Sektorkopplung,soziale Aspekte,Geschäftsmodelle,innovative Dienstleistungen,Datenanalyse,,
03ET1655A,Lüftung,,,,,,
03ET1655B,Lüftung,,,,,,
03SBE116I,Plattform,soziale Aspekte,nicht-technische Erfolgsfaktoren,,,,
03SBE116N,Plattform,soziale Aspekte,nicht-technische Erfolgsfaktoren,,,,
03SBE116Q,Plattform,soziale Aspekte,nicht-technische Erfolgsfaktoren,,,,
03EN3011A,Planungstool,GIS,innovative Dienstleistungen,nutzerbezogene Hemmnisse,nicht-technische Erfolgsfaktoren,,
03EN3011B,Planungstool,GIS,innovative Dienstleistungen,nutzerbezogene Hemmnisse,nicht-technische Erfolgsfaktoren,,
03EN3011C,Planungstool,GIS,innovative Dienstleistungen,nutzerbezogene Hemmnisse,nicht-technische Erfolgsfaktoren,,
03EN3017,Lastprognosen,maschinelles Lernen,Datensuffizienz,Leitfaden Anwendung KI,,,
03ET1645A,Plattform,Datensuffizienz,Monitoring,Datenschutz,,,
03ET1645B,Plattform,Datensuffizienz,Monitoring,Datenschutz,,,
03ET1645C,Plattform,Datensuffizienz,Monitoring,Datenschutz,,,
03ET1645D,Plattform,Datensuffizienz,Monitoring,Datenschutz,,,
03ET1645E,Plattform,Datensuffizienz,Monitoring,Datenschutz,,,
03EN1016A,Plattform,LCA,,,,,
03EN1016B,Plattform,LCA,,,,,
03EN1016C,Plattform,LCA,,,,,
03EN1016D,Plattform,LCA,,,,,
03EN1016E,Plattform,LCA,,,,,
03EN1019A,Material,,,,,,
03EN1019B,Material,,,,,,
03EN1019C,Material,,,,,,
03EN1019D,Material,,,,,,
03EN1019E,Material,,,,,,
03EN3021A,intelligente Wärmenetze,Plattform,Datenschutz,,,,
03EN3021B,intelligente Wärmenetze,Plattform,Datenschutz,,,,
03EN3021C,intelligente Wärmenetze,Plattform,Datenschutz,,,,
03EN3021D,intelligente Wärmenetze,Plattform,Datenschutz,,,,
03EN3021E,intelligente Wärmenetze,Plattform,Datenschutz,,,,
03ETW017A,Bauteil,Heizung,,,,,
03ETW017B,Bauteil,Heizung,,,,,
03ETW017C,Bauteil,Heizung,,,,,
03ETW017D,Bauteil,Heizung,,,,,
03ETW017E,Bauteil,Heizung,,,,,
03ETW017F,Bauteil,Heizung,,,,,
03ETW017G,Bauteil,Heizung,,,,,
03ETW023A,Solarthermie,Werkzeug,,,,,
03ETW023B,Solarthermie,Werkzeug,,,,,
03ETW024A,Fehlererkennung,Kälteanlagen,Schnittstellen,,,,
03ETW024C,Fehlererkennung,Kälteanlagen,Schnittstellen,,,,
03ETW024D,Fehlererkennung,Kälteanlagen,Schnittstellen,,,,
03EN1011A,Entscheidungsunterstützungssystem,maschinelles Lernen,Umweltwirkungen,Datensuffizienz,Monitoring,,
03EN1011B,Entscheidungsunterstützungssystem,maschinelles Lernen,Umweltwirkungen,Datensuffizienz,Monitoring,,
03EN1011C,Entscheidungsunterstützungssystem,maschinelles Lernen,Umweltwirkungen,Datensuffizienz,Monitoring,,
03EN1021A,Planungstool,BIM,TGA,,,,
03EN1021B,Planungstool,BIM,TGA,,,,
03EN1021C,Planungstool,BIM,TGA,,,,
03EN1021D,Planungstool,BIM,TGA,,,,
03EN1021E,Planungstool,BIM,TGA,,,,
03EN1021F,Planungstool,BIM,TGA,,,,
03EN3022A,Material,Netze,Wärme,,,,
03EN3022B,Material,Netze,Wärme,,,,
03EN3022C,Material,Netze,Wärme,,,,
03EN3022D,Material,Netze,Wärme,,,,
03EN1022A,,,,,,,
03EN1022B,,,,,,,
03EN1022C,,,,,,,
03EN1022D,,,,,,,
03EN3018A,thermische Speicher,Wärmenetze,,,,,
03EN3018B,thermische Speicher,Wärmenetze,,,,,
03EN3018C,thermische Speicher,Wärmenetze,,,,,
03EN3018E,thermische Speicher,Wärmenetze,,,,,
03EN3018F,thermische Speicher,Wärmenetze,,,,,
03EN3018G,thermische Speicher,Wärmenetze,,,,,
03ET1587A,Planungstool,Sektorkopplung,Energiemanagement,,,,
03ET1587B,Planungstool,Sektorkopplung,Energiemanagement,,,,
03ET1587C,Planungstool,Sektorkopplung,Energiemanagement,,,,
03EN3003A,Energiemanagement,Wärmenetze,thermische Speicher,,,,
03EN3003B,Energiemanagement,Wärmenetze,thermische Speicher,,,,
03EN3003C,Energiemanagement,Wärmenetze,thermische Speicher,,,,
03EN3003D,Energiemanagement,Wärmenetze,thermische Speicher,,,,
03EN3003E,Energiemanagement,Wärmenetze,thermische Speicher,,,,
03ET1626A,intelligente Wärmenetze,Schnittstellen,,,,,
03ET1626B,intelligente Wärmenetze,Schnittstellen,,,,,
03EN1012A,PV ,Dämmung,Fassade,,,,
03EN1012B,PV ,Dämmung,Fassade,,,,
03EN1012C,PV ,Dämmung,Fassade,,,,
03EN1012D,PV ,Dämmung,Fassade,,,,
03EN1012E,PV ,Dämmung,Fassade,,,,
03EN1023A,Betriebsoptimierung,Wärmeübertrager,,,,,
03EN1023B,Betriebsoptimierung,Wärmeübertrager,,,,,
03ET1590A,modellbasierte Optimierung,Nutzerverhalten,Sanierung,Energeimanagment,,,
03ET1590B,modellbasierte Optimierung,Nutzerverhalten,Sanierung,Energeimanagment,,,
03ET1590C,modellbasierte Optimierung,Nutzerverhalten,Sanierung,Energeimanagment,,,
03ETW019A,,,,,,,
03ETW019B,,,,,,,
03EGB0020A,Akzeptanz,,,,,,
03EGB0020B,Akzeptanz,,,,,,
03EGB0020C,Akzeptanz,,,,,,
03EN1009A,,,,,,,
03EN1009B,,,,,,,
03EN1009C,,,,,,,
03EN1009D,,,,,,,
03EN1009E,,,,,,,
03EN1009F,,,,,,,
03EN1009G,,,,,,,
03EN1009I,,,,,,,
03EN1009J,,,,,,,
03EN1026A,Digitaler Zwilling,,,,,,
03EN1026B,Digitaler Zwilling,,,,,,
03EN1026C,Digitaler Zwilling,,,,,,
03EN1026D,Digitaler Zwilling,,,,,,
03EN1026E,Digitaler Zwilling,,,,,,
03ET1632A,Netze,Wärme ,Kälte,Quartier,,,
03ET1632B,Netze,Wärme ,Kälte,Quartier,,,
03ET1632C,Netze,Wärme ,Kälte,Quartier,,,
03EN1017A,Innenraumqualität,,,,,,
03EN1017B,Innenraumqualität,,,,,,
03ETW018A,Wärme,Kälte,Wärmepumpe,,,,
03ETW018B,Wärme,Kälte,Wärmepumpe,,,,
03ET1656,Quartiere,,,,,,
03EN3020A,Netze,Wärme,Kälte,Quartier,Bodenkunde,Monitoring,
03EN3020B,Netze,Wärme,Kälte,Quartier,Bodenkunde,Monitoring,
03EN3020C,Netze,Wärme,Kälte,Quartier,Bodenkunde,Monitoring,
03EN3020D,Netze,Wärme,Kälte,Quartier,Bodenkunde,Monitoring,
03EN3020E,Netze,Wärme,Kälte,Quartier,Bodenkunde,Monitoring,
03EN3020F,Netze,Wärme,Kälte,Quartier,Bodenkunde,Monitoring,
03ETW022A,Verschattung,Solarthermie,,,,,
03ETW022B,Verschattung,Solarthermie,,,,,
03ETW022C,Verschattung,Solarthermie,,,,,
03EN1005A,Lüftung,Energieeffizienz,,,,,
03EN1005B,Lüftung,Energieeffizienz,,,,,
03SBE115K,Netzdienlichkeit,sozialwissenschaftliches Monitoring,Geschäftsmodelle,nicht-technische Hemmnisse,Sektorkopplung,,
03SBE115L,Netzdienlichkeit,sozialwissenschaftliches Monitoring,Geschäftsmodelle,nicht-technische Hemmnisse,Sektorkopplung,,
03EN3023A,Sektorkopplung,Wärmenetze,,,,,
03EN3023B,Sektorkopplung,Wärmenetze,,,,,
03EN3023C,Sektorkopplung,Wärmenetze,,,,,
03EN3023D,Sektorkopplung,Wärmenetze,,,,,
03ETW024B,Fehlererkennung,Kälteanlagen,Schnittstellen,,,,
03EGB0026A,,,,,,,
03EGB0026B,,,,,,,
03EGB0026C,,,,,,,
03EGB0026D,,,,,,,
03EGB0026E,,,,,,,
03EGB0026F,,,,,,,
03ETW013A,Fassaden,,,,,,
03ETW013B,Fassaden,,,,,,
03ETW013C,Fassaden,,,,,,
03ETW013D,Fassaden,,,,,,
03ETW013F,Fassaden,,,,,,
03ETW013G,Fassaden,,,,,,
03ETW013I,Fassaden,,,,,,
03EWB001A,Begleitforschung,,,,,,
03EWB001B,Begleitforschung,,,,,,
03EWB001C,Begleitforschung,,,,,,
03EWB002A,,,,,,,
03EWB002B,,,,,,,
03EWB003A,,,,,,,
03EWB003B,,,,,,,
03EWB003C,,,,,,,
03EWB004A,Wissensplattform,,,,,,
03EWB004B,Wissensplattform,,,,,,
03EWB004C,Wissensplattform,,,,,,
03SBE116O,Plattform,soziale Aspekte,nicht-technische Erfolgsfaktoren,,,,
03EWR010A,IKT Infrastruktur,innovative Dienstleistungen,Smart markets,Sektorkoppleung,,,
03EWR010B,IKT Infrastruktur,innovative Dienstleistungen,Smart markets,Sektorkoppleung,,,
03EWR010C,IKT Infrastruktur,innovative Dienstleistungen,Smart markets,Sektorkoppleung,,,
03EWR010D,IKT Infrastruktur,innovative Dienstleistungen,Smart markets,Sektorkoppleung,,,
03EWR010E,IKT Infrastruktur,innovative Dienstleistungen,Smart markets,Sektorkoppleung,,,
03EWR010F,IKT Infrastruktur,innovative Dienstleistungen,Smart markets,Sektorkoppleung,,,
03EWR010G,IKT Infrastruktur,innovative Dienstleistungen,Smart markets,Sektorkoppleung,,,
03EWR010I,IKT Infrastruktur,innovative Dienstleistungen,Smart markets,Sektorkoppleung,,,
03EWR010J,IKT Infrastruktur,innovative Dienstleistungen,Smart markets,Sektorkoppleung,,,
03EWR020A,intelligente Wärmenetze,Geschäftsmodelle,Sektorkoppelung,,,,
03EWR020B,intelligente Wärmenetze,Geschäftsmodelle,Sektorkoppelung,,,,
03EWR020D,intelligente Wärmenetze,Geschäftsmodelle,Sektorkoppelung,,,,
03EWR020E,intelligente Wärmenetze,Geschäftsmodelle,Sektorkoppelung,,,,
03EWR020F,intelligente Wärmenetze,Geschäftsmodelle,Sektorkoppelung,,,,
03EWR020G,intelligente Wärmenetze,Geschäftsmodelle,Sektorkoppelung,,,,
03EWR020H,intelligente Wärmenetze,Geschäftsmodelle,Sektorkoppelung,,,,
03EWR020I,intelligente Wärmenetze,Geschäftsmodelle,Sektorkoppelung,,,,
03EWR020J,intelligente Wärmenetze,Geschäftsmodelle,Sektorkoppelung,,,,
03EWR020K,intelligente Wärmenetze,Geschäftsmodelle,Sektorkoppelung,,,,
03EWR020L,intelligente Wärmenetze,Geschäftsmodelle,Sektorkoppelung,,,,
03EWR020M,intelligente Wärmenetze,Geschäftsmodelle,Sektorkoppelung,,,,
03EWR020N,intelligente Wärmenetze,Geschäftsmodelle,Sektorkoppelung,,,,
03EWR020O,intelligente Wärmenetze,Geschäftsmodelle,Sektorkoppelung,,,,
03EWR020P,intelligente Wärmenetze,Geschäftsmodelle,Sektorkoppelung,,,,
03EWR020Q,intelligente Wärmenetze,Geschäftsmodelle,Sektorkoppelung,,,,
