name;resources;shortDescription;applicationArea;provider;usage;lifeCyclePhase;targetGroup;userInterface;userInterfaceNotes;programmingLanguages;frameworksLibraries;databaseSystem;classification;focus;scale;lastUpdate;accessibility;licence;licenseNotes;furtherInformation;alternatives;specificApplication;released;releasedPlanned;yearOfRelease;developmentState;technicalStandardsNorms;technicalStandardsProtocols;image
ArcGIS;https://www.arcgis.com/index.html;ArcGIS ist der Oberbegriff für verschiedene Geoinformationssystem-Softwareprodukte des Unternehmens ESRI.;Forschung/Lehre, Dienstleistung;Esri;Monitoring, Planung;Planung;Baufachleute, Ingenieur:innen, Endnutzer:innen;webbasierte Benutzeroberfläche, grafische Benutzeroberfläche ;;C++, Python;.NET, Qt, Sonstige;Esri Geodatabase, ArcSDE (Spatial Database Engine);digitale Anwendung;technisch;Gebäude, Quartier/Netze, Region/Land;laufend;kostenpflichtig;;;;QGIS;['03EN3013'];1;;1999;5;;;ArcGIS_logo.png
AutoCAD;https://www.autodesk.de/products/autocad/;AutoCAD ist eine CAD-Software, die Architekten, Ingenieure und Baufachleute zur Erstellung präziser 2D- und 3D-Zeichnungen einsetzen.;Forschung/Lehre, Dienstleistung;Autodesk;Planung;Planung;Baufachleute, Ingenieur:innen;grafische Benutzeroberfläche ;;LISP;.NET, Sonstige;sonstige;digitale Anwendung;technisch;Komponente, Anlage, Gebäude, Quartier/Netze, Region/Land;laufend;kostenpflichtig;;;;;['03EGB0021'];1;;1979;5;;;AutoCad-logo.webp
Mondas;https://mondas-iot.com/;Bei der mondas® IoT-Plattform handelt es sich um ein webbasiertes Analysetool, das speziell für große Datenmengen ausgelegt ist. Die Plattform kann vielfältige Aufgaben wie Energie- und Anlagenmonitoring, Inbetriebnahme-Monitoring, Predictive Maintenance oder Logistik übernehmen. Für die Überwachung eignen sich Anlagen wie Blockheizkraftwerke, Solaranlagen, aber auch Kältemaschinen, Druckluftkompressoren sowie die gesamte Gebäudetechnik in großen Liegenschaften und komplexen Verwaltungsgebäuden.;Verwaltung, Industrie, Dienstleistung;mondas GmbH;Monitoring, Optimierung, Planung;Betrieb;Baufachleute, Ingenieur:innen, Endnutzer:innen;webbasierte Benutzeroberfläche;;;;;digitale Anwendung;technisch;Anlage, Gebäude, Quartier/Netze, Region/Land;laufend;kostenpflichtig;;;;;['03EGB0023'];1;;unbekannt;5;;;mondas_logo.png
C#;;C# ist eine typsichere objektorientierte Allzweck-Programmiersprache.;Forschung/Lehre, Industrie;Microsoft Corporation;Simulation, Monitoring, Optimierung, Planung, Steuerung, Regelung;Vorplanung, Planung, Umsetzung, Betrieb;Baufachleute, Ingenieur:innen, Informatiker:innen/Software-Entwickler:innen;Sonstiges;;C#;.NET;;Sprache;technisch;Komponente, Anlage, Gebäude, Quartier/Netze, Region/Land;laufend;open-source;;;;;['03ET1612'];;;2000;5;;;c_logo.png
CAD;;CAD (computer-aided-design) bezeichnet die Unterstützung von konstruktiven Aufgaben mittels EDV zur Herstellung eines Produkts.;Forschung/Lehre, Industrie, Dienstleistung;;Optimierung, Planung;Planung, Umsetzung;Baufachleute, Ingenieur:innen;grafische Benutzeroberfläche ;;C++, Java, Python, sonstige;;PostgreSQL, MySQL, SQLite, sonstige;Framework/Bibliothek;technisch;Komponente, Anlage, Gebäude, Quartier/Netze, Region/Land;laufend;kostenpflichtig, open-source, freeware;;;;;['03EN3018A', '03EGB0021'];1;;;5;;;
CloneMAP;https://www.fein-aachen.org/projects/clonemap/;CloneMAP (cloud-native Multi-Agent Plattform) ist eine Multi-Agenten Plattform, welche für die Ausführung in einem Kubernetes-Cluster entwickelt wurde. Das Ziel dieses Projekts ist es, die Vorteile von Cloud-Computing und einem verteilten Programmierparadigma (Multi-Agenten Systeme) zu kombinieren. cloneMAP ist in der Programmiersprache Go geschrieben.;Forschung/Lehre, Industrie, Dienstleistung;Institute for Automation of Complex Power Systems, EONERC;Simulation, Monitoring, Optimierung, Planung, Steuerung, Regelung;Vorplanung, Planung, Betrieb;Informatiker, Software-Entwickler;Kommandozeile;;Go;;;Plattform;technisch;Komponente, Anlage, Gebäude, Quartier/Netze, Region/Land;2022-05-31;open-source;Apache License 2.0, MIT;;;;['03ET1495'];1;;2020;5;;;clonemap_logo.png
Comsol;https://www.comsol.de/;COMSOL Multiphysics ist eine Software zur Simulation physikalischer Vorgänge, die mittels Differentialgleichungen beschrieben werden können.;Forschung/Lehre, Industrie;comsol;Simulation, Optimierung, Planung;Planung, Betrieb;Ingenieur:innen;grafische Benutzeroberfläche ;;;;;digitale Anwendung;technisch;Komponente, Anlage;2022-12-01;kostenpflichtig;;;;;['03ET1632','03ET1472'];1;;1998;5;;;comsol_logo.png
FMI;https://fmi-standard.org/, https://github.com/modelica/fmi-standard;Das Functional Mock-up Interface (FMI) ist ein freier Standard, der den Austausch dynamischer Modelle mithilfe einer Kombination aus XML-Dateien, Binärdateien und C-Code, die in einer einzigen Datei gezippt sind, ermöglicht.;Forschung/Lehre, Industrie;Modelica Association;Simulation, Optimierung, Planung, Steuerung, Regelung;Planung;Ingenieur:innen, Informatiker:innen/Software-Entwickler:innen;Kommandozeile;;C;;;Standard;technisch;Komponente, Anlage, Gebäude, Quartier/Netze, Region/Land;2023-07-10;open-source;Codes veröffentlicht unter der 2-Clause BSD License. Dokumente veröffentlicht unter Attribution-ShareAlike 4.0 International.;;;;['03ET1603'];1;;2019;5;;;FMI_logo.png
Oemof;https://oemof.org/, https://github.com/oemof/oemof, https://reiner-lemoine-institut.de/oemof/;Das Modellierungsframework oemof (Open Energy Modelling Framework) ist ein Werkzeug zur Modellierung und Analyse von Energiesystemen.;Forschung/Lehre;the oemof community;Simulation, Optimierung, Planung;Planung;Baufachleute, Ingenieur:innen;Kommandozeile;;Python;;;digitale Anwendung;technisch;Anlage, Gebäude, Quartier/Netze;2023-10-10;open-source;MIT;;;;['03ET1632'];1;;2015;5;;;oemof_logo.jpg
DesignBuilder;https://designbuilder.co.uk/;DesignBuilder für Ingenieure dient u.a. zur Unterstützung bei der nachhaltigen Gebäudeplanung. Führende Dienstleistungsingenieure und Energiemodellierer verwenden DesignBuilder, um Designentscheidungen zu treffen, die Energieeffizienz, Komfort und Kosten optimieren.;Dienstleistung;DesignBuilder Software Ltd;Simulation, Optimierung, Planung, Steuerung;Planung;Baufachleute, Ingenieur:innen;grafische Benutzeroberfläche ;;;;;digitale Anwendung;technisch;Gebäude, Quartier/Netze;2023-04-20;kostenpflichtig;;;;;['03ET1632'];1;;2008;5;;;designbuilder_logo.jpg
Dymola;https://www.3ds.com/de/produkte-und-services/catia/produkte/dymola/;Dymola ist eine kommerzielle Modellierungs- und Simulationsumgebung basierend auf der offenen Modellierungssprache Modelica.;Forschung/Lehre, Industrie;Dassault Systèmes;Simulation, Optimierung, Planung;Planung;Ingenieur:innen;grafische Benutzeroberfläche ;;Modelica;;;digitale Anwendung;technisch;Komponente, Anlage, Gebäude;2022-05-13;kostenpflichtig;;;;;['03ET1603'];1;;1997;5;;;Dymola_logo.png
Eclipse mosquitto;https://mosquitto.org/;Eclipse Mosquitto ist ein open source (EPL/EDL licensed) message broker, welcher mit dem MQTT protocol arbeitet;Forschung/Lehre, Industrie, Dienstleistung;the Eclipse Foundation and the community;Monitoring, Steuerung, Regelung;Betrieb;Ingenieur:innen, Informatiker:innen/Software-Entwickler:innen;Kommandozeile;;C;;;digitale Anwendung;technisch;Komponente, Anlage, Gebäude, Quartier/Netze, Region/Land;laufend;open-source;dual lizenziert unter der Eclipse Public License 2.0 und der Eclipse Distribution License 1.0;;;;['03ET1632'];1;;2009;5;;;mosquitto_logo.png
Earth Energy Designer;https://buildingphysics.com/eed-2/;EED ist ein PC-Programm zur Auslegung vertikaler Erdwärmesonden;Forschung/Lehre,  Dienstleistung;;Simulation, Optimierung, Planung;Planung;Baufachleute, Ingenieur:innen;grafische Benutzeroberfläche ;;;;;digitale Anwendung;technisch;;2019-04-01;kostenpflichtig;;;;;['03ET1605'];;;;;;;eed_logo.jpg
EnerCalC;https://ingefo.de/Werkzeuge/EnerCalC/;EnerCalC bietet die Möglichkeit mit relativ geringem Eingabeaufwand den Energiebedarf für ein Gebäude in Anlehnung an die DIN V 18599 differenziert zu bilanzieren.;Forschung/Lehre,  Dienstleistung;;Simulation, Optimierung, Planung;Betrieb;Baufachleute, Ingenieur:innen;grafische Benutzeroberfläche ;;;;;digitale Anwendung;technisch;;unbekannt;kostenpflichtig;;;;;['03EGB0021'];;;;;;;EnerCalC.png
EnergyPlus;https://energyplus.net/;EnergyPlus ist ein Gebäudeenergie-Simulationsprogramm für Ingenieure und Architekten um sowohl den Energieverbrauch für Heizung, Kühlung, Lüftung, Beleuchtung sowie Plug-and-Process-Lasten und den Wasserverbrauch in Gebäuden zu modellieren und zu simulieren.;Forschung/Lehre,  Dienstleistung;EnergyPlus wird vom Building Technologies Office (BTO) des US-Energieministeriums (DOE) gefördert und vom National Renewable Energy Laboratory (NREL) betreut.;Simulation, Optimierung, Planung, Steuerung, Regelung;Planung;Baufachleute, Ingenieur:innen;Kommandozeile;;C++;;;digitale Anwendung;technisch;Komponente, Anlage, Gebäude, Quartier/Netze, Region/Land;laufend;open-source;EnergyPlus License;;;;['03EN6003','03ET1299'];1;;2001;5;;;EnergyPlus_logo.png
Synavision;https://www.synavision.de/;Erstellung einer digitalen Funktionsbeschreibung der Steuer- und Regelungsfunktionen individueller Gebäude.;Dienstleistung;;Monitoring, Optimierung, Planung;Planung, Betrieb;Baufachleute, Ingenieur:innen;grafische Benutzeroberfläche ;;;;;digitale Anwendung;technisch;;unbekannt;kostenpflichtig;;;;;['03ET1446', '03ET1647'];;;;;;;synavision_logo.png
Feflow;https://www.mikepoweredbydhi.com/products/feflow;FEFLOW (Finite Element subsurface FLOW System) ist ein Computerprogramm zur Simulation des Grundwasserflusses, des Stoffübergangs und des Wärmeübergangs in porösen und gebrochenen Medien.;Forschung/Lehre,  Dienstleistung;;Simulation, Monitoring, Optimierung, Planung;Planung, Betrieb;Ingenieur:innen;grafische Benutzeroberfläche ;;;;;digitale Anwendung;technisch;;2021-01-01;kostenpflichtig;;;;;['03EGB0016A','03EGB0016B','03EGB0016C','03ET1472'];;;;;;;feflow_logo_UbYK6gI.png
Grafana;https://grafana.com/, https://github.com/grafana/grafana;Grafana ist eine plattformübergreifende Open-Source-Anwendung zur grafischen Darstellung von Daten aus verschiedenen Datenquellen wie z. B. InfluxDB, MySQL, PostgreSQL, Prometheus und Graphite. Die erfassten Rohdaten lassen sich anschließend in verschiedenen Anzeigeformen ausgeben.;Forschung/Lehre,  Dienstleistung;Grafana Labs;Monitoring, Optimierung, Steuerung;Betrieb;Ingenieur:innen, Informatiker:innen/Software-Entwickler:innen, Endnutzer:innen;grafische Benutzeroberfläche ;;TypeScript;Angular, React;InfluxDB, MySQL, PostgreSQL;digitale Anwendung;technisch;Komponente, Anlage, Gebäude, Quartier/Netze, Region/Land;laufend;open-source, kostenpflichtig;Für den open-source Teil: GNU AGPL-3.0-only;kostenlose Version verfügbar, kostenpflichtige Versionen für professionelle Anwendungen;;;['03ET1632'];1;;2014;5;;;Grafana_logo.png
Grasshopper;https://www.rhino3d.com/de/6/new/grasshopper/;Grasshopper ist ein Plugin für Rhinoceros 3D. Es ermöglicht die Modellierung von generativen Geometrien in einem grafischen Editor. Neben einem einfachen Einstieg ist aber auch die Einbindung von Scripten und Formeln möglich.;Forschung/Lehre, Industrie, Dienstleistung;;Simulation, Optimierung, Planung;Planung;Ingenieur:innen;Sonstiges;grafische Benutzeroberfläche (Plugin für Rhinoceros 3D);;;;digitale Anwendung;technisch;;2021-02-01;kostenpflichtig;;;;;['03EGB0028'];;;;;;;grashopper_logo.jpeg
IDA-ICE;https://www.equa.se/de/ida-ice;IDA Indoor Climate and Energy ist eine Software zur Simulation der Gebäudeleistung;Forschung/Lehre, Dienstleistung;;Simulation, Optimierung, Planung;Planung, Betrieb;Baufachleute, Ingenieur:innen;grafische Benutzeroberfläche ;;;;;digitale Anwendung;technisch;;unbekannt;kostenpflichtig;;;;;['03ET1632'];;;;;;;Ida-ICE-logo.jpg
Influx DB;https://www.influxdata.com/, https://github.com/influxdata/influxdb;InfluxDB ist ein Open Source Datenbankmanagementsystem, speziell für Zeitreihen.;Forschung/Lehre, Industrie, Dienstleistung;InfluxData Inc.;Monitoring, Optimierung, Planung, Steuerung, Regelung;Planung, Betrieb;Ingenieur:innen, Informatiker:innen/Software-Entwickler:innen;Kommandozeile;;Rust;Apache Arrow;InfluxDB;digitale Anwendung;technisch;Komponente, Anlage, Gebäude, Quartier/Netze, Region/Land;laufend;open-source, kostenpflichtig;Für den open-source Teil: Apache-2.0, MIT;kostenlose Version verfügbar, kostenpflichtige Versionen für professionelle Anwendungen;;;['03ET1632'];1;;2013;5;;;Influxdb_logo.png
KNIME;https://www.knime.com, https://github.com/knime/knime-core;KNIME, der „Konstanz Information Miner“, ist eine freie Software für die interaktive Datenanalyse. KNIME ermöglicht durch das modulare Pipelining-Konzept die Integration zahlreicher Verfahren des maschinellen Lernens und des Data-Mining.;Verwaltung, Forschung/Lehre, Industrie, Dienstleistung;KNIME;Monitoring, Optimierung, Planung, Steuerung, Regelung;Planung, Betrieb;Ingenieur:innen, Informatiker:innen/Software-Entwickler:innen, Endnutzer:innen;grafische Benutzeroberfläche ;;Java, JavaScript, Python, HTML;scikit-learn, TensorFlow, Weka;MySQL, PostgreSQL, Oracle, Hadoop, Spark;digitale Anwendung;technisch;Komponente, Anlage, Gebäude, Quartier/Netze, Region/Land;laufend;open-source, kostenpflichtig;sonstige;kostenlose Version verfügbar, kostenpflichtige Versionen für professionelle Anwendungen. Für den Open-Source-Teil: Jedes Modul wird unter seiner eigenen Lizenz veröffentlicht. ;;;['03EN6003'];1;;2006;5;;;knime_logo.png
LS-DYNA;https://www.dynamore.eu/de/produkte/dyna/einfuehrung;LS-DYNA ist ein Simulationsprogramm, das mit Hilfe der Finite-Elemente-Methode arbeitet und  auf Basis des Vorgängerprogramms DYNA3D entwickelt wurde. Insbesondere nicht-lineare und hochdynamische Problemstellungen können mit diesem Programm bearbeitet werden.;Industrie;;Simulation, Optimierung, Planung;Planung;Ingenieur:innen;grafische Benutzeroberfläche ;;;;;digitale Anwendung;technisch;;2021-11-01;kostenpflichtig;;;;;['03EN3022'];;;;;;;ls_dyna_logo.jpeg
MATLAB;https://www.mathworks.com/products/matlab.html;Matlab ist eine kommerzielle Software zur Lösung mathematischer Probleme und zur grafischen Darstellung der Ergebnisse.;Forschung/Lehre, Industrie, Dienstleistung;;Simulation, Monitoring, Optimierung, Planung;Planung, Betrieb;Ingenieur:innen, Informatiker:innen/Software-Entwickler:innen;Sonstiges;;;;;digitale Anwendung;technisch;;2021-09-01;kostenpflichtig;;;;;['03ET1605', '03ET1641', '03EN3018A', '03EN6004','03ET1299'];;;;;;;Matlab_Logo.png
BIM2SIM;https://github.com/BIM2SIM/bim2sim, https://www.accu-rate.de/de/bim/;Methodenentwicklung zur Erstellung von Simulationsmodellen aus Daten des Building Information Modeling;Forschung/Lehre, Dienstleistung;Institute for Energy Efficient Buildings and Indoor Climate (RWTH Aachen University), Institute of Energy Efficiency and Sustainable Building (RWTH Aachen University), ROM Technik GmbH;Simulation, Optimierung, Planung, Steuerung, Regelung;Planung, Betrieb;Baufachleute, Ingenieur:innen;grafische Benutzeroberfläche ;;Python;networkx, OpenFOAM;;digitale Anwendung;technisch;Anlage, Gebäude;laufend;open-source;GNU LGPL-3.0;;;;['03ET1562','03EN1050A', '03EN1050B', '03EN1050C'];1;;2022;5;;;bim2sim.png
Excel;https://www.microsoft.com/de-de/microsoft-365/excel;Microsoft Excel ist das am weitesten verbreitete Tabellenkalkulationsprogramm.;Verwaltung, Forschung/Lehre, Industrie, Dienstleistung;Microsoft Corporation;Monitoring, Optimierung, Planung;Planung, Betrieb;Baufachleute, Ingenieur:innen, Endnutzer:innen;grafische Benutzeroberfläche ;;;;;digitale Anwendung;technisch;Komponente, Anlage, Gebäude, Quartier/Netze, Region/Land;laufend;kostenpflichtig;;;;;['03EN1005A', '03SBE0004', '03ET1156', '03ET1605', '0325862', '03ET1552A', '03EN6004'];1;;1985;5;;;Excel_logo.png
Visio;https://www.microsoft.com/de-de/microsoft-365/visio/flowchart-software;Microsoft Visio ist ein Visualisierungsprogramm von Microsoft für Windows. ;Verwaltung, Dienstleistung;;Monitoring, Optimierung, Planung;Planung, Betrieb;Baufachleute, Ingenieur:innen, Endnutzer:innen;grafische Benutzeroberfläche ;;;;;digitale Anwendung;technisch;;2021-06-01;kostenpflichtig;;;;;['03ET1446', '03ET1647', '03EN6004'];;;;;;;Visio_logo.png
Dynamic ISO Building Simulator;https://github.com/IWUGERMANY/DIBS---Dynamic-ISO-Building-Simulator#readme;Mit dem Simulationsprogramm DIBS (Dynamic ISO Building Simulator) lässt sich der Endenergiebedarf für Heizung und Kühlung von Nichtwohngebäuden (NWG) in Deutschland mit geringem Aufwand berechnen.;Forschung/Lehre, Dienstleistung;Institut Wohnen und Umwelt GmbH;Simulation, Optimierung, Planung;Planung;Baufachleute, Ingenieur:innen;Kommandozeile;;Python;;;digitale Anwendung;technisch;Anlage, Gebäude;laufend;open-source;MIT;;;;['03ET1315'];1;;2021;5;DIN EN ISO 13790:2008-09;;DIBS_Logo.png
Ansys Fluids Computational Fluid Dynamics (CFD) Simulation;https://www.ansys.com/de-de/products/fluids;Mit der ANSYS Fluids Produktfamilie für Strömungsmechanik steht Ingenieuren ein breites Portfolio technisch führender Technologien für das gesamte Anwendungsspektrum der Fluidsimulation zur Verfügung, mit denen sie den Einfluss von Fluidströmungen auch bei komplexen Wechselwirkungen zwischen verschiedenen physikalischen Einflussfaktoren sowie beweglichen Geometrien zuverlässig ermitteln können.;Forschung/Lehre, Industrie, Dienstleistung;;Simulation, Optimierung, Planung;Planung;Ingenieur:innen;grafische Benutzeroberfläche ;;;;;digitale Anwendung;technisch;;laufend;kostenpflichtig;;;;Openfoam;['03ET1636'];;;;;;;ansys-fluids_logo.png
Modelica;https://modelica.org/;Modelica ist eine objektorientierte Modellierungssprache für physikalische Modelle.;Forschung/Lehre, Dienstleistung;Modelica Association;Simulation, Monitoring, Optimierung, Planung;Planung, Betrieb;Ingenieur:innen, Informatiker:innen/Software-Entwickler:innen;Sonstiges;;Modelica;;;Sprache;technisch;Komponente, Anlage, Gebäude, Quartier/Netze, Region/Land;laufend;open-source;CC-BY-SA;;;;['03ET1634D', '03ET1632', '03ET1603'];1;;1997;5;;;Modelica_Logo.png
MoniSoft;https://projekte.th-rosenheim.de/de/forschungsprojekt/503-monisoft;MoniSoft ist eine plattformunabhängige Software, die das Monitoring und die Betriebsanalyse von Gebäuden vereinfacht.;Forschung/Lehre, Dienstleistung;Fachgebiet Bauphysik und Technischer Ausbau (fbta) am Karlsruher Institut für Technologie (KIT), Hochschule Rosenheim;Monitoring, Optimierung, Steuerung;Betrieb;Baufachleute, Ingenieur:innen;grafische Benutzeroberfläche, Kommandozeile;;Java;;;digitale Anwendung;technisch;Gebäude;2021-11-22;open-source, kostenpflichtig;;;;MoniVisu (in Entwicklung);['0325862'];1;;vor 2014;5;;;monisoft_logo.gif
NANDRAD;http://bauklimatik-dresden.de/nandrad/;NANDRAD ist eine moderne Gebäudesimulationsplattform für die dynamische Bewertung der Energieeffizienz eines Gebäudes.;Forschung/Lehre, Dienstleistung;Institut für Bauklimatik, TU Dresden, Bauklimatik Dresden Software GmbH;Simulation, Optimierung, Planung, Steuerung, Regelung;Planung, Betrieb;Baufachleute, Ingenieur:innen;Kommandozeile, Sonstiges;grafische Benutzeroberfläche mit BIM HVACTool;C++;;;digitale Anwendung;technisch;Anlage, Gebäude;laufend;open-source;;NANDRAD als Berechnungskern kann in andere Simulationsprogramme integriert werden. Zu diesem Zweck sollte eine Lizenzierung angefragt werden.;;;['03ET1603'];1;;vor 2012;5;DIN EN ISO 13971;;nandrad_logo.png
OpenGeoSys;https://www.opengeosys.org/;OpenGeoSys (OGS) ist ein wissenschaftliches Open-Source-Projekt zur Entwicklung numerischer Methoden zur Simulation von thermo-hydro-mechanisch-chemischen (THMC) Prozessen in porösen und gebrochenen Medien.;Forschung/Lehre, Industrie, Dienstleistung;Helmholtz-Zentrum für Umweltforschung GmbH (UFZ), the OpenGeoSys community;Simulation, Monitoring, Optimierung, Planung, Steuerung, Regelung;Planung, Betrieb;Ingenieur:innen, Informatiker:innen/Software-Entwickler:innen;Kommandozeile;;C++, Python, Cmake;PETSc, Eigen, VTK, sonstige;;digitale Anwendung;technisch;Komponente, Anlage, Gebäude, Quartier/Netze, Region/Land;laufend;open-source;die modifizierte BSD-Lizenz;;;;['03EGB0016A','03EGB0016B','03EGB0016C'];1;;2006;5;;;opengeosys_logo.png
OpenModelica;https://www.openmodelica.org/;OpenModelica ist eine kostenlose Open Source-Umgebung, die auf der Modelica-Modellierungssprache zum Modellieren, Simulieren, Optimieren und Analysieren komplexer dynamischer Systeme basiert.;Forschung/Lehre, Industrie, Dienstleistung;Open Source Modelica Consortium (OSMC);Simulation, Monitoring, Optimierung, Planung;Planung, Betrieb;Ingenieur:innen, Informatiker:innen/Software-Entwickler:innen;grafische Benutzeroberfläche ;;Modelica, C++;Eclipse, SEMLA, the Modelica Standard Library;;digitale Anwendung;technisch;Komponente, Anlage, Gebäude, Quartier/Netze, Region/Land;laufend;open-source;OSMC-PL 1.8, OSMC-PL 1.2, OSMC-PL 1.1;;;;['03ET1603'];1;;2008;5;;;openmodelica_logo.png
PostgreSQL;https://www.postgresql.org/;PostgreSQL, oft kurz Postgres genannt, ist ein freies, objektrelationales Datenbankmanagementsystem.;Forschung/Lehre, Industrie, Dienstleistung;PostgreSQL Global Development Group;Monitoring, Optimierung, Planung;Planung, Betrieb;Ingenieur:innen, Informatiker:innen/Software-Entwickler:innen, Endnutzer:innen;grafische Benutzeroberfläche, Kommandozeile;;C;.NET;PostgreSQL;digitale Anwendung;technisch;Komponente, Anlage, Gebäude, Quartier/Netze, Region/Land;laufend;open-source;PostgreSQL License;Die PostgreSQL-License ist eine liberale Open-Source-Lizenz, die der BSD- oder MIT-Lizenz ähnlich ist.;;;['03EN3011'];1;;1989;5;;;Postgresql_logo.png
Python;https://www.python.org/;Python ist eine universelle, üblicherweise interpretierte, höhere Programmiersprache.;Forschung/Lehre, Industrie, Dienstleistung;Python Software Foundation;Simulation, Monitoring, Optimierung, Planung, Steuerung, Regelung;Planung, Betrieb;Ingenieur:innen, Informatiker:innen/Software-Entwickler:innen;Sonstiges;;Python;;;Sprache;technisch;Komponente, Anlage, Gebäude, Quartier/Netze, Region/Land;laufend;open-source;Ab Python 3.8.6 wird Python unter der PSF-Lizenzvereinbarung und der Zero-Clause BSD-Lizenz lizenziert.;Einige Software, die in Python integriert ist, unterliegt anderen Lizenzen.;;;['03EN3017', '03ET1595', '03ET1522', '03EN1038', '03ET1612', '03ET1641', '03EN6003'];1;;1991;5;;;grashopper_logo.jpeg
QGIS;https://www.qgis.org/de/site/;QGIS ist eine freie Geoinformationssystemsoftware zum Betrachten, Bearbeiten, Erfassen und Analysieren räumlicher Daten.;Forschung/Lehre, Dienstleistung;QGIS Development Team;Monitoring, Planung;Planung;Baufachleute, Ingenieur:innen, Endnutzer:innen;grafische Benutzeroberfläche ;;C++, Python;Qt, GDAL/OGR, GEOS, PROJ, PyQGIS;PostgreSQL, SQLite, Oracle, DB2, MSSQL, MySQL;digitale Anwendung;technisch;Gebäude, Quartier/Netze, Region/Land;laufend;open-source;GNU GPL 2.0;;;ArcGIS;['03EN3011'];1;;2009;5;;;QGIS_logo.png
R;https://www.r-project.org/;R ist eine freie Softwareumgebung für statistische Berechnungen und Grafiken. ;Forschung/Lehre, Industrie, Dienstleistung;R Foundation/ R Core Team;Simulation, Monitoring, Optimierung, Planung;Planung, Betrieb;Ingenieur:innen, Informatiker:innen/Software-Entwickler:innen;Sonstiges;;R, C, Fortran;Jamovi, JASP;;Sprache;technisch;Komponente, Anlage, Gebäude, Quartier/Netze, Region/Land;laufend;open-source;GNU GPL 2.0;;;Python;['03ET1612'];1;;1993;5;;;R_logo.png
R-FEM;https://www.dlubal.com/de/produkte/fem-statik-software-rfem/was-ist-rfem;RFEM ist eine 3D-FEM-Software zur statischen Berechnung und Bemessung von Stahl-, Stahlbeton-, Holz-, Glas- und Membran-Strukturen, für den Anlagen- und Maschinenbau sowie für dynamische Analysen.;Forschung/Lehre, Industrie, Dienstleistung;;Simulation, Optimierung, Planung;Planung;Baufachleute, Ingenieur:innen;grafische Benutzeroberfläche ;;;;;digitale Anwendung;technisch;;2021-11-01;kostenpflichtig;;;;;['03EN3022'];;;;;;;RFEM_logo.png
Rhino;https://www.rhino3d.com/;Rhinoceros 3D ist eine Software für die computergestützte 3D-Modellierung und das rechnergestützte Konstruieren.;Forschung/Lehre, Industrie, Dienstleistung;;Simulation, Optimierung, Planung;Planung;Baufachleute, Ingenieur:innen;grafische Benutzeroberfläche ;;;;;digitale Anwendung;technisch;;2021-10-01;kostenpflichtig;;;;;['03EGB0028'];;;;;;;rhino_logo.png
R-Stab;https://www.dlubal.com/de/produkte/stabwerksprogramm-rstab/was-ist-rstab;RSTAB ist ein 3D-Statik-Programm, das sich für die Berechnung von Stabwerken eignet, die in der Regel auch als Tragwerk fungieren.;Forschung/Lehre, Industrie, Dienstleistung;;Simulation, Optimierung, Planung;Planung;Baufachleute, Ingenieur:innen;grafische Benutzeroberfläche ;;;;;digitale Anwendung;technisch;;2021-11-01;kostenpflichtig;;;;;['03EN3022'];;;;;;;RSTAB_logo.webp
STAR-CCM+;https://www.plm.automation.siemens.com/global/de/products/simcenter/STAR-CCM.html;Simcenter STAR-CCM + ist eine kommerzielle, auf Computational Fluid Dynamics basierende Simulationssoftware;Forschung/Lehre, Industrie, Dienstleistung;Siemens PLM Software;Simulation, Optimierung, Planung;Vorplanung, Planung;Ingenieur:innen;grafische Benutzeroberfläche ;;;;;digitale Anwendung;technisch;Komponente;2023-06-01;kostenpflichtig;Proprietär;;Für die Berechnung von Strömungsproblemen wird die finite Elemente- bzw. Finite Volumen methoden verwendet. Weiterhin können probleme aus dem Bereich Viskoelastizität, Turbulenz, Rheologie, Nicht- newtonische Fluide und multi-phasen Strömungen berechnet werden.;OpenFoam ;['03EN1038'];1;;2004;5;;;starccm_logo.png
SimulationX;https://www.esi-group.com/products/system-simulation;SimulationX ist eine CAE-Software (Computer Aided Engineering) für die Simulation physikalisch-technischer Systeme und Anlagen;Forschung/Lehre, Industrie, Dienstleistung;ESI Group;Simulation, Optimierung, Planung;Planung, Betrieb;Ingenieur:innen;grafische Benutzeroberfläche ;;;;;digitale Anwendung;technisch;Anlage;2023-07-28;kostenpflichtig;Proprietär;;Simulationsmodelle werden auf der Basis eines diskreten Netzwerkansatzes erstellt. Das System wird in logisch zusammenhängende Teile unterteilt, welche miteinander verbunden werden.;;['03EGB0016A','03EGB0016B','03EGB0016C', '03ET1603'];1;;2002;5;;;simulationx-by-esi-vector-logo.png
SIMULINK;https://de.mathworks.com/products/simulink.html;Simulink ist eine Software zur Modellierung von technischen, physikalischen, finanzmathematischen und anderen Systemen. Simulink ist ein Zusatzprodukt zu MATLAB und benötigt dieses zum Ausführen.;Forschung/Lehre, Industrie, Dienstleistung;MathWorks;Simulation, Monitoring, Optimierung, Planung;Planung, Umsetzung, Betrieb;Baufachleute, Ingenieur:innen, Informatiker:innen/Software-Entwickler:innen;grafische Benutzeroberfläche ;;;;;digitale Anwendung;technisch;Komponente, Anlage, Gebäude;laufend;kostenpflichtig;;;Die Modellierung erfolgt mithilfe grafischer Blöcke. Der Datefluss zwischen den Blöcken wird über gerichtete Verbindungslinien modelliert.;Scilab;['03EN3018A','03ET1299'];1;;1984;5;;;Matlab_Logo_Dq9E7WR.png
sisKMR;https://siskmr.com/;"sisKMR dient zur Berechnung von Kunststoffmantelrohrleitungen und beliebigen freigelagerten, räumlichen Rohrsystemen in der Fernwärme,
der Industrie und im Anlagenbau.";Forschung/Lehre, Industrie;GEF Ingenieur AG;Simulation, Planung;Planung;Ingenieur:innen;grafische Benutzeroberfläche ;;;;;digitale Anwendung;technisch;Komponente. Anlage;2022-07-14;kostenpflichtig;;;Optimiert für die Berechnung von Vorwärme, Kaltverlegung, Vorspannung und erweiterte Lastfälle.;;['03EN3022'];1;;;5;;;siskmr_logo.png
T*SOL;https://valentin-software.com/produkte/tsol/;T*SOL ist ein dynamisches Simulationsprogramm zur Auslegung, Optimierung und Berechnung von solarthermischen Anlagen.;Forschung/Lehre, Industrie, Dienstleistung;Valentin Software GmbH;Simulation, Optimierung, Planung;Planung;Baufachleute, Ingenieur:innen;grafische Benutzeroberfläche ;;;;;digitale Anwendung;technisch;Anlage;2023-07-05;kostenpflichtig;;Es steht ene kostenlose 30-tägige Testversion auf der Herstellerseite bereit.;;;['03ET1605'];1;;;5;;;tsol_logo.png
Influx Telegraf;https://www.influxdata.com/time-series-platform/telegraf/;Telegraf ist ein Plugin-basierter Server Agent , welcher beim Sammeln und Versenden von Softwaremetriken unterstützt;Forschung/Lehre, Industrie, Dienstleistung;influxdata;Simulation, Optimierung, Planung;Planung;Ingenieur:innen, Informatiker:innen/Software-Entwickler:innen;Kommandozeile;;Go;;;Framework/Bibliothek;technisch;Komponente, Anlage;2023-10-23;open-source;;;Die Erstellung der Metriken besteht aus einem 4 stufigen Prozess. Dieser unterteilt sich in Input, Verarbeitung, Aggregation und Ausgabe.;Prometheus ;['03ET1632'];1;;2015;5;;;Telegraf_Logo.png
Tensorflow;https://www.tensorflow.org;TensorFlow ist ein Framework zur datenstromorientierten Programmierung. Populäre Anwendung findet TensorFlow im Bereich des maschinellen Lernens.;Forschung/Lehre, Industrie, Dienstleistung;Google;Monitoring, Planung;Planung, Betrieb;Ingenieur:innen, Informatiker:innen/Software-Entwickler:innen;Kommandozeile;;C++;;;Framework/Bibliothek;technisch;Komponente, Anlage;2023-09-01;open-source;Apache-2.0;;Entwickelt vom Google-Brain-Team. Wird in verschiedenen Google-Produkten eingesetzt;MATLAB, Vertex AI;['03EN6003'];1;;2017;5;;;TensorFlow_logo.png
TRNSYS;https://trnsys.de/;TRNSYS (abgekürzt: TRaNsient SYstems Simulation) ist eine flexible, grafisch basierte, modulare Softwareumgebung, die es ermöglicht, das Verhalten transienter Systeme zu simulieren, daher der Name. ;Forschung/Lehre, Industrie, Dienstleistung;TRNSYS;Simulation, Optimierung, Planung;Planung;Baufachleute, Ingenieur:innen;grafische Benutzeroberfläche ;;;;;digitale Anwendung;technisch;Komponente, Anlage, Gebäude;laufend;kostenpflichtig;;Kostenpflichtig, günstiger für Hochschulen, Source-Code wird nach Erwerb zur Verfügung gestellt. Eine kostenlose Testversion mit begrenztem Funktionsumfang kann auf der Herstellerseite heruntergeladen werden.;;;['03ET1605', '03ET1641', '03EN1025', '03ET1636', '03EN3018A', '03ET1552A'];1;;;5;;;trysnysy_logo.png
WPSOURCE;https://www.ki-portal.de/wp-content/uploads/2017/04/KI_4_2017_044.pdf;WPsource bietet ein digitales Pre-Check-Tool, welches Planern und Architekten eine Vorauswahl und Bewertung von Wärmequellen und Wärmetauschern ermöglicht. ;Forschung/Lehre, Dienstleistung;Steinbeis Innovationszentrum;Monitoring, Planung;Vorplanung;Baufachleute, Ingenieur:innen;Sonstiges;Plugin für Excel;;;;digitale Anwendung;technisch;Gebäude, Quartier/Netze;2023-03-07;freeware;;Das Tool kann kostenfrei bezogen werden. Dazu kann eine E-Mail an franziska.bockelmann@siz-energieplus.de geschrieben werden.;;;['03ET1605'];1;;unbekannt;;;;wpsource.png
WUFI Plus;https://wufi.de/de/software/wufi-plus;WUFI (Wärme Und Feuchte Instationär) ist eine Software-Familie zur realitätsnahen instationären Berechnung Wärme- und Feuchtetransports in mehrschichtigen Bauteilen und Gebäuden unter natürlichen Klimabedingungen. ;Forschung/Lehre, Industrie, Dienstleistung;Fraunhofer Institut für Bauphysik IBP;Simulation, Optimierung, Planung;Planung, Betrieb;Baufachleute, Ingenieur:innen;grafische Benutzeroberfläche ;;;;;digitale Anwendung;technisch;Gebäude;2023-10-16;kostenpflichtig;;;WUFI Plus ist das umfassendste Wärme- und Feuchtesimulationstool der WUFI-Softwarefamilie;;['03ET1612'];1;;;5;;;wufiPlus.png
SusI-Tool;https://sustainable-startups.de/susi/;Das Sustainability & Impact Assessment soll insbesondere Startups dabei unterstützen ihr Geschäftsmodell auf Nachhaltigkeit anhand bestehender Normen und Methoden zu prüfen und diese für die Kommunikation an Stakeholder einheitlich aufzubereiten.;Industrie;Bundesverband Deutsche Startups e.V.;Monitoring, Optimierung, Planung;Planung, Betrieb;Endnutzer:innen;webbasierte Benutzeroberfläche;Grafisches Tool, um die Nachahltigkeit eines Startups zu analysieren ;;;;digitale Anwendung;betrieblich;Gebäude, Anlage, Komponente;unbekannt;freeware;;;;;[];1;;unbekannt;5;;;susi.png
RKW-Digitalisierungs-Cockpit;https://app.digitalisierungs-cockpit.de/;Das Cockpit soll eine erste Orientierungshilfe zum Thema Digitalisierung im Unternehmen anbieten. Es besteht aus einer beständig wachsenden Sammlung von Unternehmensbeispielen aus unterschiedlichen Branchen mit konkreten Anhaltspunkten und Denkanstößen für eine Digitalisierungsstrategie. ;Industrie;RKW Rationalisierungs- und Innovationszentrum der Deutschen Wirtschaft e. V.;Optimierung, Planung;Vorplanung;Endnutzer:innen;webbasierte Benutzeroberfläche;;;;;digitale Anwendung;betrieblich;Anlage, Gebäude, Quartier/Netze;unbekannt;freeware;;;;;[];1;;2019;5;;;digitalisierungsCockpit.png
"Toolbox ""Geschäftsmodellentwicklung im Mittelstand""";https://www.rkw-kompetenzzentrum.de/innovation/blog/2020/toolbox-geschaeftsmodellentwicklung-im-mittelstand/;"Die Toolbox ""Geschäftsmodellentwicklung im Mittelstand"" enthält eine Sammlung von Tools, die einen Geschäftsmodellentwicklungsprozess bereichern können. Zu jedem Tool gibt es eine Anleitung in PDF Format sowie eine Wordvorlage zum Anpassen und Ausdrucken. ";Industrie;RKW Rationalisierungs- und Innovationszentrum der Deutschen Wirtschaft e. V.;Planung;Planung;Endnutzer:innen;webbasierte Benutzeroberfläche;;;;;digitale Anwendung;betrieblich;Komponente, Anlage, Gebäude, Quartier/Netze, Region/Land;unbekannt;freeware;;;;;[];1;;2020;5;;;GeschäftsmodellentwicklungimMittelstand.png
Ecosystem Participation Navigator (EPN);http://www.businessmodel-generator.de/;Der EPN unterstützt Unternehmen zunächst bei der Positionierung in einem digitalen Ökosystem. Darüber hinaus bietet das Tool Hilfestellungen zur Identifikation von passenden Geschäftsmodellmustern, die schließlich zu einem spezifischen Geschäftsmodell kombiniert werden können. ;Industrie;Fraunhofer-Institut für Arbeitswirtschaft und Organisation IAO;Planung;Planung;Endnutzer:innen;webbasierte Benutzeroberfläche;;;;;digitale Anwendung;betrieblich;;unbekannt;freeware;;;;;[];1;;unbekannt;5;;;epn.png
BIEC-Phasenmodell;https://www.biec-tools.iao.fraunhofer.de/biec-phasenmodell/;Das BIEC-Phasenmodell hilft in fünf Schritten bei der Entwicklung von Geschäftsmodellinnovationen. Dabei werden für jeden Schritt Tools und Methoden angeboten, die online und offline beim Prozess unterstützen können.;Industrie;Fraunhofer-Institut für Arbeitswirtschaft und Organisation IAO;Planung, Optimierung;Planung, Betrieb;Endnutzer:innen;webbasierte Benutzeroberfläche;;;;;Standard;betrieblich;;unbekannt;freeware;;;;;[];1;;unbekannt;5;;;biec.png
BIEC-Canvas;https://www.biec-tools.iao.fraunhofer.de/elemente-digitaler-geschaeftsmodelle/;Das BIEC-Canvas unterstützt anhand von Leitfragen die Ausarbeitung eines Business Modell Canvas speziell für digitale Geschäftsmodelle. Die Unterlagen können als PDF runtergeladen oder sofort online genutzt werden.;Industrie;Fraunhofer-Institut für Arbeitswirtschaft und Organisation IAO;Planung;Vorplanung;Endnutzer:innen;webbasierte Benutzeroberfläche;;;;;Standard;betrieblich;;unbekannt;freeware;;;;;[];1;;unbekannt;5;;;biecCanvas.png
KI-Navigator;https://www.biec-tools.iao.fraunhofer.de/ki-navigator/;Der KI-Navigator zeigt anhand von Beispielen, welche Aufgaben die Künstliche Intelligenz in der Dienstleistungsentwicklung und im Dienstleistungsmanagement übernehmen kann. Für jede Phase des Dienstleistungslebenszyklus sind typische Aktivitäten aufgelistet, zu denen – sofern vorhanden – am Markt verfügbare KI-Lösungen und Praxisbeispiele hinterlegt sind. ;Industrie, Dienstleistung;Fraunhofer-Institut für Arbeitswirtschaft und Organisation IAO;Planung;Umsetzung;Endnutzer:innen;webbasierte Benutzeroberfläche;;;;;digitale Anwendung;betrieblich;;unbekannt;freeware;;;;;[];1;;unbekannt;;;;kiNavigator.png
ACCEPTMISSION;https://www.acceptmission.com/;Accept Mission ist eine Ideen- und Innovationsmanagement-Software zum Sammeln von Ideen, Auswählen von Ideen, Ausführen von Innovationsprojekten und Berichten über den Fortschritt. AcceptMission ist eine cloudbasierte Lösung, die den gesamten Lebenszyklus von Innovationsprojekten auf einer einheitlichen Plattform verwalten soll.;Forschung/Lehre, Industrie;ACCEPTMISSION;Planung, Optimierung;Vorplanung, Planung, Umsetzung;Endnutzer:innen;grafische Benutzeroberfläche;Software, cloudbasiert;;;;digitale Anwendung;betrieblich;;laufend;kostenpflichtig;;;;;[];1;;unbekannt;5;;;acceptMission.png
ITONICS Innovation OS;https://www.itonics-innovation.de/enterprise;ITONICS Innovation OS soll jede Phase des Innovationprozesses managen. Die Innovationsmanagement-Software kann individuell für Teams und Unternehmen angepasst werden, in bestehende Prozesse integriert werden und die Innovation unternehmensweit verankern.;Forschung/Lehre, Industrie;ITONICS;Planung, Optimierung, Visualisierung;Vorplanung, Planung, Umsetzung;Endnutzer:innen;grafische Benutzeroberfläche;;;;;digitale Anwendung;betrieblich;;laufend;kostenpflichtig;;;;;[];1;;unbekannt;5;;;itonics.png
IdeaCheck;https://ideacheck.io/;IdeaCheck soll einen professionellen, wissenschaftlich validierten Fragebogen aus der Produktidee heraus generieren. Es wird eine demographisch passende Zielgruppe für die Idee befragt. IdeaCheck erstellt ein ausgewogenes, unvoreingenommenes Ergebnis, sowie eine Bewertung der Idee, inklusive Kommentaren von Umfrageteilnehmenden. ;Forschung/Lehre, Industrie;IdeaCheck ;Planung;Vorplanung;Endnutzer:innen;webbasierte Benutzeroberfläche;;;;;digitale Anwendung;betrieblich;;unbekannt;kostenpflichtig;;;;;[];1;;2016;5;;;ideaCheck.png
Business Model Canvas;https://canvanizer.com/;Der Business Model Canvas (BMC) dient zur Visualisierung von Geschäftsmodellen und soll dabei helfen, innovative Geschäftsmodelle zu entwickeln oder bestehende Geschäftsmodelle zu verändern. Im Mittelpunkt steht dabei die Geschäftslogik eines Unternehmens oder Angebots.;Industrie;Canvanizer (digital);Planung;Vorplanung, Planung;;webbasierte Benutzeroberfläche;;;;;Standard;betrieblich;;unbekannt;freeware;;;;;[];1;;2005;5;;;businessModelCanvas.png
